ISO-10303-21;
HEADER;
/* Generated by software containing ST-Developer
 * from STEP Tools, Inc. (www.steptools.com) 
 */
/* OPTION: using custom renumber hook */

FILE_DESCRIPTION(
/* description */ ('STEP AP214'),
/* implementation_level */ '2;1');

FILE_NAME(
/* name */ '68e562fa4c0ea6da53ecc165',
/* time_stamp */ '2025-10-07T18:59:07Z',
/* author */ (''),
/* organization */ (''),
/* preprocessor_version */ 'ST-DEVELOPER v20',
/* originating_system */ 'ONSHAPE BY PTC INC, 1.204',
/* authorisation */ '  ');

FILE_SCHEMA (('AUTOMOTIVE_DESIGN {1 0 10303 214 3 1 1}'));
ENDSEC;

DATA;
#10=PROPERTY_DEFINITION_REPRESENTATION(#14,#12);
#11=PROPERTY_DEFINITION_REPRESENTATION(#15,#13);
#12=REPRESENTATION('',(#16),#6357);
#13=REPRESENTATION('',(#17),#6357);
#14=PROPERTY_DEFINITION('pmi validation property','',#6362);
#15=PROPERTY_DEFINITION('pmi validation property','',#6362);
#16=VALUE_REPRESENTATION_ITEM('number of annotations',COUNT_MEASURE(0.));
#17=VALUE_REPRESENTATION_ITEM('number of views',COUNT_MEASURE(0.));
#18=SHAPE_REPRESENTATION_RELATIONSHIP('','',#3875,#19);
#19=ADVANCED_BREP_SHAPE_REPRESENTATION('',(#3873),#6357);
#20=CYLINDRICAL_SURFACE('',#3932,0.00165);
#21=CYLINDRICAL_SURFACE('',#3937,0.00165);
#22=CYLINDRICAL_SURFACE('',#3942,0.00165);
#23=CYLINDRICAL_SURFACE('',#3947,0.00165);
#24=CYLINDRICAL_SURFACE('',#3976,0.00115);
#25=CYLINDRICAL_SURFACE('',#3979,0.00115);
#26=CYLINDRICAL_SURFACE('',#3982,0.00115);
#27=CYLINDRICAL_SURFACE('',#3985,0.00115);
#28=CYLINDRICAL_SURFACE('',#3988,0.00115);
#29=CYLINDRICAL_SURFACE('',#3991,0.00115);
#30=CYLINDRICAL_SURFACE('',#3994,0.00115);
#31=CYLINDRICAL_SURFACE('',#3997,0.00115);
#32=CYLINDRICAL_SURFACE('',#4000,0.00115);
#33=CYLINDRICAL_SURFACE('',#4003,0.00115);
#34=CYLINDRICAL_SURFACE('',#4006,0.00115);
#35=CYLINDRICAL_SURFACE('',#4009,0.00115);
#36=CYLINDRICAL_SURFACE('',#4037,0.01);
#37=CYLINDRICAL_SURFACE('',#4041,0.01);
#38=CYLINDRICAL_SURFACE('',#4044,0.01);
#39=CYLINDRICAL_SURFACE('',#4048,0.01);
#40=CYLINDRICAL_SURFACE('',#4052,0.0016);
#41=CYLINDRICAL_SURFACE('',#4055,0.0016);
#42=CYLINDRICAL_SURFACE('',#4058,0.0016);
#43=CYLINDRICAL_SURFACE('',#4066,0.00135);
#44=CYLINDRICAL_SURFACE('',#4070,0.00275);
#45=CYLINDRICAL_SURFACE('',#4071,0.00135);
#46=CYLINDRICAL_SURFACE('',#4075,0.00275);
#47=CYLINDRICAL_SURFACE('',#4076,0.00135);
#48=CYLINDRICAL_SURFACE('',#4080,0.00275);
#49=CYLINDRICAL_SURFACE('',#4081,0.00135);
#50=CYLINDRICAL_SURFACE('',#4085,0.00275);
#51=CYLINDRICAL_SURFACE('',#4089,0.00325);
#52=CYLINDRICAL_SURFACE('',#4092,0.00325);
#53=CYLINDRICAL_SURFACE('',#4095,0.00325);
#54=CYLINDRICAL_SURFACE('',#4099,0.00275);
#55=CYLINDRICAL_SURFACE('',#4102,0.00275);
#56=CYLINDRICAL_SURFACE('',#4105,0.00275);
#57=CYLINDRICAL_SURFACE('',#4110,0.00275);
#58=CYLINDRICAL_SURFACE('',#4113,0.0022);
#59=CYLINDRICAL_SURFACE('',#4115,0.0022);
#60=CYLINDRICAL_SURFACE('',#4118,0.0022);
#61=CYLINDRICAL_SURFACE('',#4120,0.0022);
#62=CYLINDRICAL_SURFACE('',#4123,0.0022);
#63=CYLINDRICAL_SURFACE('',#4125,0.0022);
#64=CYLINDRICAL_SURFACE('',#4128,0.0022);
#65=CYLINDRICAL_SURFACE('',#4130,0.0022);
#66=CYLINDRICAL_SURFACE('',#4133,0.0022);
#67=CYLINDRICAL_SURFACE('',#4135,0.0022);
#68=CYLINDRICAL_SURFACE('',#4138,0.0022);
#69=CYLINDRICAL_SURFACE('',#4140,0.0022);
#70=CYLINDRICAL_SURFACE('',#4143,0.0022);
#71=CYLINDRICAL_SURFACE('',#4145,0.0022);
#72=CYLINDRICAL_SURFACE('',#4148,0.0022);
#73=CYLINDRICAL_SURFACE('',#4150,0.0022);
#74=CYLINDRICAL_SURFACE('',#4153,0.0022);
#75=CYLINDRICAL_SURFACE('',#4155,0.0022);
#76=CYLINDRICAL_SURFACE('',#4158,0.0022);
#77=CYLINDRICAL_SURFACE('',#4160,0.0022);
#78=CYLINDRICAL_SURFACE('',#4163,0.0022);
#79=CYLINDRICAL_SURFACE('',#4165,0.0022);
#80=CYLINDRICAL_SURFACE('',#4168,0.0022);
#81=CYLINDRICAL_SURFACE('',#4170,0.0022);
#82=CIRCLE('',#3879,0.00135);
#83=CIRCLE('',#3880,0.00135);
#84=CIRCLE('',#3881,0.00135);
#85=CIRCLE('',#3882,0.00135);
#86=CIRCLE('',#3883,0.01);
#87=CIRCLE('',#3884,0.00325);
#88=CIRCLE('',#3885,0.01);
#89=CIRCLE('',#3886,0.00325);
#90=CIRCLE('',#3887,0.01);
#91=CIRCLE('',#3888,0.00325);
#92=CIRCLE('',#3889,0.01);
#93=CIRCLE('',#3933,0.00165);
#94=CIRCLE('',#3934,0.00165);
#95=CIRCLE('',#3938,0.00165);
#96=CIRCLE('',#3939,0.00165);
#97=CIRCLE('',#3943,0.00165);
#98=CIRCLE('',#3944,0.00165);
#99=CIRCLE('',#3948,0.00165);
#100=CIRCLE('',#3949,0.00165);
#101=CIRCLE('',#3956,0.0022);
#102=CIRCLE('',#3957,0.0022);
#103=CIRCLE('',#3958,0.0022);
#104=CIRCLE('',#3959,0.0022);
#105=CIRCLE('',#3960,0.0022);
#106=CIRCLE('',#3961,0.0022);
#107=CIRCLE('',#3962,0.0022);
#108=CIRCLE('',#3963,0.0022);
#109=CIRCLE('',#3964,0.00275);
#110=CIRCLE('',#3965,0.00275);
#111=CIRCLE('',#3966,0.00275);
#112=CIRCLE('',#3967,0.00275);
#113=CIRCLE('',#3968,0.0022);
#114=CIRCLE('',#3969,0.0022);
#115=CIRCLE('',#3970,0.0022);
#116=CIRCLE('',#3971,0.0022);
#117=CIRCLE('',#3972,0.00275);
#118=CIRCLE('',#3973,0.00275);
#119=CIRCLE('',#3974,0.00275);
#120=CIRCLE('',#3975,0.00275);
#121=CIRCLE('',#3977,0.00115);
#122=CIRCLE('',#3978,0.00115);
#123=CIRCLE('',#3980,0.00115);
#124=CIRCLE('',#3981,0.00115);
#125=CIRCLE('',#3983,0.00115);
#126=CIRCLE('',#3984,0.00115);
#127=CIRCLE('',#3986,0.00115);
#128=CIRCLE('',#3987,0.00115);
#129=CIRCLE('',#3989,0.00115);
#130=CIRCLE('',#3990,0.00115);
#131=CIRCLE('',#3992,0.00115);
#132=CIRCLE('',#3993,0.00115);
#133=CIRCLE('',#3995,0.00115);
#134=CIRCLE('',#3996,0.00115);
#135=CIRCLE('',#3998,0.00115);
#136=CIRCLE('',#3999,0.00115);
#137=CIRCLE('',#4001,0.00115);
#138=CIRCLE('',#4002,0.00115);
#139=CIRCLE('',#4004,0.00115);
#140=CIRCLE('',#4005,0.00115);
#141=CIRCLE('',#4007,0.00115);
#142=CIRCLE('',#4008,0.00115);
#143=CIRCLE('',#4010,0.00115);
#144=CIRCLE('',#4011,0.00115);
#145=CIRCLE('',#4013,0.0022);
#146=CIRCLE('',#4015,0.0022);
#147=CIRCLE('',#4017,0.0022);
#148=CIRCLE('',#4019,0.0022);
#149=CIRCLE('',#4021,0.0022);
#150=CIRCLE('',#4023,0.0022);
#151=CIRCLE('',#4025,0.0022);
#152=CIRCLE('',#4027,0.0022);
#153=CIRCLE('',#4029,0.0022);
#154=CIRCLE('',#4031,0.0022);
#155=CIRCLE('',#4033,0.0022);
#156=CIRCLE('',#4035,0.0022);
#157=CIRCLE('',#4038,0.01);
#158=CIRCLE('',#4039,0.01);
#159=CIRCLE('',#4040,0.01);
#160=CIRCLE('',#4042,0.01);
#161=CIRCLE('',#4043,0.01);
#162=CIRCLE('',#4045,0.01);
#163=CIRCLE('',#4046,0.01);
#164=CIRCLE('',#4047,0.01);
#165=CIRCLE('',#4049,0.01);
#166=CIRCLE('',#4050,0.01);
#167=CIRCLE('',#4053,0.0016);
#168=CIRCLE('',#4054,0.0016);
#169=CIRCLE('',#4056,0.0016);
#170=CIRCLE('',#4057,0.0016);
#171=CIRCLE('',#4059,0.0016);
#172=CIRCLE('',#4060,0.0016);
#173=CIRCLE('',#4067,0.00135);
#174=CIRCLE('',#4069,0.00275);
#175=CIRCLE('',#4072,0.00135);
#176=CIRCLE('',#4074,0.00275);
#177=CIRCLE('',#4077,0.00135);
#178=CIRCLE('',#4079,0.00275);
#179=CIRCLE('',#4082,0.00135);
#180=CIRCLE('',#4084,0.00275);
#181=CIRCLE('',#4088,0.00325);
#182=CIRCLE('',#4091,0.00325);
#183=CIRCLE('',#4094,0.00325);
#184=CIRCLE('',#4100,0.00275);
#185=CIRCLE('',#4103,0.00275);
#186=CIRCLE('',#4106,0.00275);
#187=CIRCLE('',#4109,0.00275);
#188=CIRCLE('',#4114,0.0022);
#189=CIRCLE('',#4116,0.0022);
#190=CIRCLE('',#4119,0.0022);
#191=CIRCLE('',#4121,0.0022);
#192=CIRCLE('',#4124,0.0022);
#193=CIRCLE('',#4126,0.0022);
#194=CIRCLE('',#4129,0.0022);
#195=CIRCLE('',#4131,0.0022);
#196=CIRCLE('',#4134,0.0022);
#197=CIRCLE('',#4136,0.0022);
#198=CIRCLE('',#4139,0.0022);
#199=CIRCLE('',#4141,0.0022);
#200=CIRCLE('',#4144,0.0022);
#201=CIRCLE('',#4146,0.0022);
#202=CIRCLE('',#4149,0.0022);
#203=CIRCLE('',#4151,0.0022);
#204=CIRCLE('',#4154,0.0022);
#205=CIRCLE('',#4156,0.0022);
#206=CIRCLE('',#4159,0.0022);
#207=CIRCLE('',#4161,0.0022);
#208=CIRCLE('',#4164,0.0022);
#209=CIRCLE('',#4166,0.0022);
#210=CIRCLE('',#4169,0.0022);
#211=CIRCLE('',#4171,0.0022);
#212=ORIENTED_EDGE('',*,*,#1280,.T.);
#213=ORIENTED_EDGE('',*,*,#1281,.T.);
#214=ORIENTED_EDGE('',*,*,#1282,.F.);
#215=ORIENTED_EDGE('',*,*,#1283,.F.);
#216=ORIENTED_EDGE('',*,*,#1284,.F.);
#217=ORIENTED_EDGE('',*,*,#1285,.F.);
#218=ORIENTED_EDGE('',*,*,#1286,.F.);
#219=ORIENTED_EDGE('',*,*,#1287,.T.);
#220=ORIENTED_EDGE('',*,*,#1288,.F.);
#221=ORIENTED_EDGE('',*,*,#1289,.T.);
#222=ORIENTED_EDGE('',*,*,#1290,.T.);
#223=ORIENTED_EDGE('',*,*,#1291,.F.);
#224=ORIENTED_EDGE('',*,*,#1292,.F.);
#225=ORIENTED_EDGE('',*,*,#1293,.T.);
#226=ORIENTED_EDGE('',*,*,#1294,.T.);
#227=ORIENTED_EDGE('',*,*,#1295,.F.);
#228=ORIENTED_EDGE('',*,*,#1296,.F.);
#229=ORIENTED_EDGE('',*,*,#1297,.F.);
#230=ORIENTED_EDGE('',*,*,#1298,.T.);
#231=ORIENTED_EDGE('',*,*,#1299,.F.);
#232=ORIENTED_EDGE('',*,*,#1300,.F.);
#233=ORIENTED_EDGE('',*,*,#1301,.F.);
#234=ORIENTED_EDGE('',*,*,#1302,.F.);
#235=ORIENTED_EDGE('',*,*,#1303,.F.);
#236=ORIENTED_EDGE('',*,*,#1304,.F.);
#237=ORIENTED_EDGE('',*,*,#1305,.T.);
#238=ORIENTED_EDGE('',*,*,#1306,.F.);
#239=ORIENTED_EDGE('',*,*,#1307,.T.);
#240=ORIENTED_EDGE('',*,*,#1308,.F.);
#241=ORIENTED_EDGE('',*,*,#1309,.T.);
#242=ORIENTED_EDGE('',*,*,#1310,.F.);
#243=ORIENTED_EDGE('',*,*,#1286,.T.);
#244=ORIENTED_EDGE('',*,*,#1311,.T.);
#245=ORIENTED_EDGE('',*,*,#1312,.T.);
#246=ORIENTED_EDGE('',*,*,#1313,.F.);
#247=ORIENTED_EDGE('',*,*,#1314,.T.);
#248=ORIENTED_EDGE('',*,*,#1315,.F.);
#249=ORIENTED_EDGE('',*,*,#1316,.F.);
#250=ORIENTED_EDGE('',*,*,#1317,.F.);
#251=ORIENTED_EDGE('',*,*,#1318,.F.);
#252=ORIENTED_EDGE('',*,*,#1319,.F.);
#253=ORIENTED_EDGE('',*,*,#1320,.F.);
#254=ORIENTED_EDGE('',*,*,#1321,.F.);
#255=ORIENTED_EDGE('',*,*,#1322,.F.);
#256=ORIENTED_EDGE('',*,*,#1323,.T.);
#257=ORIENTED_EDGE('',*,*,#1324,.T.);
#258=ORIENTED_EDGE('',*,*,#1325,.F.);
#259=ORIENTED_EDGE('',*,*,#1326,.F.);
#260=ORIENTED_EDGE('',*,*,#1327,.F.);
#261=ORIENTED_EDGE('',*,*,#1328,.F.);
#262=ORIENTED_EDGE('',*,*,#1329,.F.);
#263=ORIENTED_EDGE('',*,*,#1330,.T.);
#264=ORIENTED_EDGE('',*,*,#1331,.T.);
#265=ORIENTED_EDGE('',*,*,#1332,.F.);
#266=ORIENTED_EDGE('',*,*,#1333,.F.);
#267=ORIENTED_EDGE('',*,*,#1334,.T.);
#268=ORIENTED_EDGE('',*,*,#1335,.T.);
#269=ORIENTED_EDGE('',*,*,#1336,.F.);
#270=ORIENTED_EDGE('',*,*,#1337,.F.);
#271=ORIENTED_EDGE('',*,*,#1338,.F.);
#272=ORIENTED_EDGE('',*,*,#1339,.F.);
#273=ORIENTED_EDGE('',*,*,#1340,.F.);
#274=ORIENTED_EDGE('',*,*,#1341,.F.);
#275=ORIENTED_EDGE('',*,*,#1342,.T.);
#276=ORIENTED_EDGE('',*,*,#1343,.F.);
#277=ORIENTED_EDGE('',*,*,#1344,.T.);
#278=ORIENTED_EDGE('',*,*,#1345,.T.);
#279=ORIENTED_EDGE('',*,*,#1346,.T.);
#280=ORIENTED_EDGE('',*,*,#1347,.T.);
#281=ORIENTED_EDGE('',*,*,#1348,.T.);
#282=ORIENTED_EDGE('',*,*,#1336,.T.);
#283=ORIENTED_EDGE('',*,*,#1349,.T.);
#284=ORIENTED_EDGE('',*,*,#1350,.F.);
#285=ORIENTED_EDGE('',*,*,#1351,.T.);
#286=ORIENTED_EDGE('',*,*,#1352,.T.);
#287=ORIENTED_EDGE('',*,*,#1353,.T.);
#288=ORIENTED_EDGE('',*,*,#1354,.T.);
#289=ORIENTED_EDGE('',*,*,#1355,.T.);
#290=ORIENTED_EDGE('',*,*,#1356,.T.);
#291=ORIENTED_EDGE('',*,*,#1357,.T.);
#292=ORIENTED_EDGE('',*,*,#1358,.T.);
#293=ORIENTED_EDGE('',*,*,#1356,.F.);
#294=ORIENTED_EDGE('',*,*,#1359,.F.);
#295=ORIENTED_EDGE('',*,*,#1360,.F.);
#296=ORIENTED_EDGE('',*,*,#1361,.F.);
#297=ORIENTED_EDGE('',*,*,#1362,.F.);
#298=ORIENTED_EDGE('',*,*,#1363,.F.);
#299=ORIENTED_EDGE('',*,*,#1364,.T.);
#300=ORIENTED_EDGE('',*,*,#1365,.T.);
#301=ORIENTED_EDGE('',*,*,#1366,.F.);
#302=ORIENTED_EDGE('',*,*,#1367,.F.);
#303=ORIENTED_EDGE('',*,*,#1368,.F.);
#304=ORIENTED_EDGE('',*,*,#1369,.F.);
#305=ORIENTED_EDGE('',*,*,#1370,.F.);
#306=ORIENTED_EDGE('',*,*,#1371,.F.);
#307=ORIENTED_EDGE('',*,*,#1372,.T.);
#308=ORIENTED_EDGE('',*,*,#1373,.F.);
#309=ORIENTED_EDGE('',*,*,#1374,.T.);
#310=ORIENTED_EDGE('',*,*,#1375,.T.);
#311=ORIENTED_EDGE('',*,*,#1376,.T.);
#312=ORIENTED_EDGE('',*,*,#1377,.T.);
#313=ORIENTED_EDGE('',*,*,#1378,.T.);
#314=ORIENTED_EDGE('',*,*,#1366,.T.);
#315=ORIENTED_EDGE('',*,*,#1379,.T.);
#316=ORIENTED_EDGE('',*,*,#1380,.F.);
#317=ORIENTED_EDGE('',*,*,#1381,.T.);
#318=ORIENTED_EDGE('',*,*,#1382,.T.);
#319=ORIENTED_EDGE('',*,*,#1383,.T.);
#320=ORIENTED_EDGE('',*,*,#1384,.T.);
#321=ORIENTED_EDGE('',*,*,#1385,.T.);
#322=ORIENTED_EDGE('',*,*,#1386,.T.);
#323=ORIENTED_EDGE('',*,*,#1387,.T.);
#324=ORIENTED_EDGE('',*,*,#1388,.T.);
#325=ORIENTED_EDGE('',*,*,#1386,.F.);
#326=ORIENTED_EDGE('',*,*,#1389,.F.);
#327=ORIENTED_EDGE('',*,*,#1390,.F.);
#328=ORIENTED_EDGE('',*,*,#1391,.F.);
#329=ORIENTED_EDGE('',*,*,#1392,.F.);
#330=ORIENTED_EDGE('',*,*,#1393,.F.);
#331=ORIENTED_EDGE('',*,*,#1394,.F.);
#332=ORIENTED_EDGE('',*,*,#1395,.F.);
#333=ORIENTED_EDGE('',*,*,#1396,.F.);
#334=ORIENTED_EDGE('',*,*,#1397,.F.);
#335=ORIENTED_EDGE('',*,*,#1398,.F.);
#336=ORIENTED_EDGE('',*,*,#1399,.F.);
#337=ORIENTED_EDGE('',*,*,#1400,.F.);
#338=ORIENTED_EDGE('',*,*,#1401,.T.);
#339=ORIENTED_EDGE('',*,*,#1395,.T.);
#340=ORIENTED_EDGE('',*,*,#1402,.T.);
#341=ORIENTED_EDGE('',*,*,#1403,.F.);
#342=ORIENTED_EDGE('',*,*,#1404,.T.);
#343=ORIENTED_EDGE('',*,*,#1405,.T.);
#344=ORIENTED_EDGE('',*,*,#1406,.T.);
#345=ORIENTED_EDGE('',*,*,#1407,.T.);
#346=ORIENTED_EDGE('',*,*,#1408,.T.);
#347=ORIENTED_EDGE('',*,*,#1409,.T.);
#348=ORIENTED_EDGE('',*,*,#1410,.T.);
#349=ORIENTED_EDGE('',*,*,#1411,.F.);
#350=ORIENTED_EDGE('',*,*,#1412,.T.);
#351=ORIENTED_EDGE('',*,*,#1413,.T.);
#352=ORIENTED_EDGE('',*,*,#1414,.T.);
#353=ORIENTED_EDGE('',*,*,#1415,.T.);
#354=ORIENTED_EDGE('',*,*,#1416,.T.);
#355=ORIENTED_EDGE('',*,*,#1417,.F.);
#356=ORIENTED_EDGE('',*,*,#1409,.F.);
#357=ORIENTED_EDGE('',*,*,#1418,.F.);
#358=ORIENTED_EDGE('',*,*,#1419,.F.);
#359=ORIENTED_EDGE('',*,*,#1420,.F.);
#360=ORIENTED_EDGE('',*,*,#1421,.F.);
#361=ORIENTED_EDGE('',*,*,#1422,.F.);
#362=ORIENTED_EDGE('',*,*,#1423,.T.);
#363=ORIENTED_EDGE('',*,*,#1424,.F.);
#364=ORIENTED_EDGE('',*,*,#1425,.F.);
#365=ORIENTED_EDGE('',*,*,#1426,.F.);
#366=ORIENTED_EDGE('',*,*,#1427,.F.);
#367=ORIENTED_EDGE('',*,*,#1428,.F.);
#368=ORIENTED_EDGE('',*,*,#1429,.F.);
#369=ORIENTED_EDGE('',*,*,#1430,.F.);
#370=ORIENTED_EDGE('',*,*,#1431,.T.);
#371=ORIENTED_EDGE('',*,*,#1425,.T.);
#372=ORIENTED_EDGE('',*,*,#1432,.T.);
#373=ORIENTED_EDGE('',*,*,#1433,.F.);
#374=ORIENTED_EDGE('',*,*,#1434,.T.);
#375=ORIENTED_EDGE('',*,*,#1435,.T.);
#376=ORIENTED_EDGE('',*,*,#1436,.T.);
#377=ORIENTED_EDGE('',*,*,#1437,.T.);
#378=ORIENTED_EDGE('',*,*,#1438,.T.);
#379=ORIENTED_EDGE('',*,*,#1439,.T.);
#380=ORIENTED_EDGE('',*,*,#1440,.T.);
#381=ORIENTED_EDGE('',*,*,#1441,.F.);
#382=ORIENTED_EDGE('',*,*,#1442,.T.);
#383=ORIENTED_EDGE('',*,*,#1443,.T.);
#384=ORIENTED_EDGE('',*,*,#1444,.T.);
#385=ORIENTED_EDGE('',*,*,#1445,.T.);
#386=ORIENTED_EDGE('',*,*,#1446,.T.);
#387=ORIENTED_EDGE('',*,*,#1447,.F.);
#388=ORIENTED_EDGE('',*,*,#1439,.F.);
#389=ORIENTED_EDGE('',*,*,#1448,.F.);
#390=ORIENTED_EDGE('',*,*,#1449,.F.);
#391=ORIENTED_EDGE('',*,*,#1450,.F.);
#392=ORIENTED_EDGE('',*,*,#1451,.F.);
#393=ORIENTED_EDGE('',*,*,#1452,.F.);
#394=ORIENTED_EDGE('',*,*,#1453,.T.);
#395=ORIENTED_EDGE('',*,*,#1454,.T.);
#396=ORIENTED_EDGE('',*,*,#1455,.T.);
#397=ORIENTED_EDGE('',*,*,#1456,.F.);
#398=ORIENTED_EDGE('',*,*,#1457,.T.);
#399=ORIENTED_EDGE('',*,*,#1458,.T.);
#400=ORIENTED_EDGE('',*,*,#1459,.T.);
#401=ORIENTED_EDGE('',*,*,#1460,.T.);
#402=ORIENTED_EDGE('',*,*,#1461,.T.);
#403=ORIENTED_EDGE('',*,*,#1462,.F.);
#404=ORIENTED_EDGE('',*,*,#1454,.F.);
#405=ORIENTED_EDGE('',*,*,#1463,.F.);
#406=ORIENTED_EDGE('',*,*,#1464,.F.);
#407=ORIENTED_EDGE('',*,*,#1465,.F.);
#408=ORIENTED_EDGE('',*,*,#1466,.F.);
#409=ORIENTED_EDGE('',*,*,#1467,.F.);
#410=ORIENTED_EDGE('',*,*,#1468,.T.);
#411=ORIENTED_EDGE('',*,*,#1469,.F.);
#412=ORIENTED_EDGE('',*,*,#1470,.F.);
#413=ORIENTED_EDGE('',*,*,#1471,.F.);
#414=ORIENTED_EDGE('',*,*,#1472,.F.);
#415=ORIENTED_EDGE('',*,*,#1473,.F.);
#416=ORIENTED_EDGE('',*,*,#1474,.F.);
#417=ORIENTED_EDGE('',*,*,#1475,.F.);
#418=ORIENTED_EDGE('',*,*,#1476,.T.);
#419=ORIENTED_EDGE('',*,*,#1470,.T.);
#420=ORIENTED_EDGE('',*,*,#1477,.T.);
#421=ORIENTED_EDGE('',*,*,#1478,.F.);
#422=ORIENTED_EDGE('',*,*,#1479,.T.);
#423=ORIENTED_EDGE('',*,*,#1480,.T.);
#424=ORIENTED_EDGE('',*,*,#1481,.T.);
#425=ORIENTED_EDGE('',*,*,#1482,.T.);
#426=ORIENTED_EDGE('',*,*,#1483,.T.);
#427=ORIENTED_EDGE('',*,*,#1484,.F.);
#428=ORIENTED_EDGE('',*,*,#1485,.F.);
#429=ORIENTED_EDGE('',*,*,#1486,.F.);
#430=ORIENTED_EDGE('',*,*,#1487,.F.);
#431=ORIENTED_EDGE('',*,*,#1488,.F.);
#432=ORIENTED_EDGE('',*,*,#1489,.F.);
#433=ORIENTED_EDGE('',*,*,#1490,.F.);
#434=ORIENTED_EDGE('',*,*,#1491,.T.);
#435=ORIENTED_EDGE('',*,*,#1485,.T.);
#436=ORIENTED_EDGE('',*,*,#1492,.T.);
#437=ORIENTED_EDGE('',*,*,#1493,.F.);
#438=ORIENTED_EDGE('',*,*,#1494,.T.);
#439=ORIENTED_EDGE('',*,*,#1495,.T.);
#440=ORIENTED_EDGE('',*,*,#1496,.T.);
#441=ORIENTED_EDGE('',*,*,#1497,.T.);
#442=ORIENTED_EDGE('',*,*,#1498,.T.);
#443=ORIENTED_EDGE('',*,*,#1499,.T.);
#444=ORIENTED_EDGE('',*,*,#1500,.T.);
#445=ORIENTED_EDGE('',*,*,#1501,.F.);
#446=ORIENTED_EDGE('',*,*,#1502,.T.);
#447=ORIENTED_EDGE('',*,*,#1503,.T.);
#448=ORIENTED_EDGE('',*,*,#1504,.T.);
#449=ORIENTED_EDGE('',*,*,#1505,.T.);
#450=ORIENTED_EDGE('',*,*,#1506,.T.);
#451=ORIENTED_EDGE('',*,*,#1507,.F.);
#452=ORIENTED_EDGE('',*,*,#1499,.F.);
#453=ORIENTED_EDGE('',*,*,#1508,.F.);
#454=ORIENTED_EDGE('',*,*,#1509,.F.);
#455=ORIENTED_EDGE('',*,*,#1510,.F.);
#456=ORIENTED_EDGE('',*,*,#1511,.F.);
#457=ORIENTED_EDGE('',*,*,#1512,.F.);
#458=ORIENTED_EDGE('',*,*,#1513,.T.);
#459=ORIENTED_EDGE('',*,*,#1478,.T.);
#460=ORIENTED_EDGE('',*,*,#1514,.T.);
#461=ORIENTED_EDGE('',*,*,#1513,.F.);
#462=ORIENTED_EDGE('',*,*,#1515,.T.);
#463=ORIENTED_EDGE('',*,*,#1516,.F.);
#464=ORIENTED_EDGE('',*,*,#1491,.F.);
#465=ORIENTED_EDGE('',*,*,#1517,.F.);
#466=ORIENTED_EDGE('',*,*,#1501,.T.);
#467=ORIENTED_EDGE('',*,*,#1518,.F.);
#468=ORIENTED_EDGE('',*,*,#1468,.F.);
#469=ORIENTED_EDGE('',*,*,#1519,.F.);
#470=ORIENTED_EDGE('',*,*,#1493,.T.);
#471=ORIENTED_EDGE('',*,*,#1456,.T.);
#472=ORIENTED_EDGE('',*,*,#1520,.T.);
#473=ORIENTED_EDGE('',*,*,#1476,.F.);
#474=ORIENTED_EDGE('',*,*,#1521,.T.);
#475=ORIENTED_EDGE('',*,*,#1403,.T.);
#476=ORIENTED_EDGE('',*,*,#1522,.T.);
#477=ORIENTED_EDGE('',*,*,#1453,.F.);
#478=ORIENTED_EDGE('',*,*,#1523,.T.);
#479=ORIENTED_EDGE('',*,*,#1524,.F.);
#480=ORIENTED_EDGE('',*,*,#1431,.F.);
#481=ORIENTED_EDGE('',*,*,#1525,.F.);
#482=ORIENTED_EDGE('',*,*,#1441,.T.);
#483=ORIENTED_EDGE('',*,*,#1526,.F.);
#484=ORIENTED_EDGE('',*,*,#1423,.F.);
#485=ORIENTED_EDGE('',*,*,#1527,.F.);
#486=ORIENTED_EDGE('',*,*,#1433,.T.);
#487=ORIENTED_EDGE('',*,*,#1411,.T.);
#488=ORIENTED_EDGE('',*,*,#1528,.T.);
#489=ORIENTED_EDGE('',*,*,#1401,.F.);
#490=ORIENTED_EDGE('',*,*,#1529,.T.);
#491=ORIENTED_EDGE('',*,*,#1343,.T.);
#492=ORIENTED_EDGE('',*,*,#1530,.T.);
#493=ORIENTED_EDGE('',*,*,#1387,.F.);
#494=ORIENTED_EDGE('',*,*,#1531,.T.);
#495=ORIENTED_EDGE('',*,*,#1532,.F.);
#496=ORIENTED_EDGE('',*,*,#1364,.F.);
#497=ORIENTED_EDGE('',*,*,#1533,.F.);
#498=ORIENTED_EDGE('',*,*,#1380,.T.);
#499=ORIENTED_EDGE('',*,*,#1534,.F.);
#500=ORIENTED_EDGE('',*,*,#1357,.F.);
#501=ORIENTED_EDGE('',*,*,#1535,.F.);
#502=ORIENTED_EDGE('',*,*,#1373,.T.);
#503=ORIENTED_EDGE('',*,*,#1350,.T.);
#504=ORIENTED_EDGE('',*,*,#1536,.T.);
#505=ORIENTED_EDGE('',*,*,#1334,.F.);
#506=ORIENTED_EDGE('',*,*,#1537,.T.);
#507=ORIENTED_EDGE('',*,*,#1538,.F.);
#508=ORIENTED_EDGE('',*,*,#1539,.F.);
#509=ORIENTED_EDGE('',*,*,#1540,.F.);
#510=ORIENTED_EDGE('',*,*,#1541,.F.);
#511=ORIENTED_EDGE('',*,*,#1542,.F.);
#512=ORIENTED_EDGE('',*,*,#1543,.T.);
#513=ORIENTED_EDGE('',*,*,#1544,.F.);
#514=ORIENTED_EDGE('',*,*,#1545,.T.);
#515=ORIENTED_EDGE('',*,*,#1546,.F.);
#516=ORIENTED_EDGE('',*,*,#1547,.T.);
#517=ORIENTED_EDGE('',*,*,#1548,.T.);
#518=ORIENTED_EDGE('',*,*,#1549,.T.);
#519=ORIENTED_EDGE('',*,*,#1550,.F.);
#520=ORIENTED_EDGE('',*,*,#1551,.T.);
#521=ORIENTED_EDGE('',*,*,#1552,.F.);
#522=ORIENTED_EDGE('',*,*,#1553,.F.);
#523=ORIENTED_EDGE('',*,*,#1551,.F.);
#524=ORIENTED_EDGE('',*,*,#1554,.T.);
#525=ORIENTED_EDGE('',*,*,#1555,.T.);
#526=ORIENTED_EDGE('',*,*,#1556,.T.);
#527=ORIENTED_EDGE('',*,*,#1557,.T.);
#528=ORIENTED_EDGE('',*,*,#1558,.F.);
#529=ORIENTED_EDGE('',*,*,#1559,.F.);
#530=ORIENTED_EDGE('',*,*,#1541,.T.);
#531=ORIENTED_EDGE('',*,*,#1560,.T.);
#532=ORIENTED_EDGE('',*,*,#1561,.F.);
#533=ORIENTED_EDGE('',*,*,#1562,.F.);
#534=ORIENTED_EDGE('',*,*,#1555,.F.);
#535=ORIENTED_EDGE('',*,*,#1563,.F.);
#536=ORIENTED_EDGE('',*,*,#1564,.F.);
#537=ORIENTED_EDGE('',*,*,#1565,.F.);
#538=ORIENTED_EDGE('',*,*,#1553,.T.);
#539=ORIENTED_EDGE('',*,*,#1566,.T.);
#540=ORIENTED_EDGE('',*,*,#1567,.F.);
#541=ORIENTED_EDGE('',*,*,#1568,.F.);
#542=ORIENTED_EDGE('',*,*,#1569,.F.);
#543=ORIENTED_EDGE('',*,*,#1548,.F.);
#544=ORIENTED_EDGE('',*,*,#1570,.T.);
#545=ORIENTED_EDGE('',*,*,#1569,.T.);
#546=ORIENTED_EDGE('',*,*,#1571,.T.);
#547=ORIENTED_EDGE('',*,*,#1572,.T.);
#548=ORIENTED_EDGE('',*,*,#1573,.F.);
#549=ORIENTED_EDGE('',*,*,#1574,.F.);
#550=ORIENTED_EDGE('',*,*,#1575,.F.);
#551=ORIENTED_EDGE('',*,*,#1576,.F.);
#552=ORIENTED_EDGE('',*,*,#1577,.T.);
#553=ORIENTED_EDGE('',*,*,#1578,.F.);
#554=ORIENTED_EDGE('',*,*,#1579,.F.);
#555=ORIENTED_EDGE('',*,*,#1580,.T.);
#556=ORIENTED_EDGE('',*,*,#1581,.F.);
#557=ORIENTED_EDGE('',*,*,#1582,.F.);
#558=ORIENTED_EDGE('',*,*,#1546,.T.);
#559=ORIENTED_EDGE('',*,*,#1583,.T.);
#560=ORIENTED_EDGE('',*,*,#1584,.F.);
#561=ORIENTED_EDGE('',*,*,#1585,.F.);
#562=ORIENTED_EDGE('',*,*,#1577,.F.);
#563=ORIENTED_EDGE('',*,*,#1586,.F.);
#564=ORIENTED_EDGE('',*,*,#1587,.F.);
#565=ORIENTED_EDGE('',*,*,#1588,.F.);
#566=ORIENTED_EDGE('',*,*,#1589,.T.);
#567=ORIENTED_EDGE('',*,*,#1590,.T.);
#568=ORIENTED_EDGE('',*,*,#1591,.F.);
#569=ORIENTED_EDGE('',*,*,#1592,.F.);
#570=ORIENTED_EDGE('',*,*,#1593,.F.);
#571=ORIENTED_EDGE('',*,*,#1543,.F.);
#572=ORIENTED_EDGE('',*,*,#1594,.T.);
#573=ORIENTED_EDGE('',*,*,#1593,.T.);
#574=ORIENTED_EDGE('',*,*,#1595,.T.);
#575=ORIENTED_EDGE('',*,*,#1596,.T.);
#576=ORIENTED_EDGE('',*,*,#1597,.F.);
#577=ORIENTED_EDGE('',*,*,#1598,.F.);
#578=ORIENTED_EDGE('',*,*,#1599,.F.);
#579=ORIENTED_EDGE('',*,*,#1589,.F.);
#580=ORIENTED_EDGE('',*,*,#1600,.T.);
#581=ORIENTED_EDGE('',*,*,#1581,.T.);
#582=ORIENTED_EDGE('',*,*,#1601,.T.);
#583=ORIENTED_EDGE('',*,*,#1602,.F.);
#584=ORIENTED_EDGE('',*,*,#1329,.T.);
#585=ORIENTED_EDGE('',*,*,#1603,.F.);
#586=ORIENTED_EDGE('',*,*,#1604,.F.);
#587=ORIENTED_EDGE('',*,*,#1605,.F.);
#588=ORIENTED_EDGE('',*,*,#1606,.F.);
#589=ORIENTED_EDGE('',*,*,#1603,.T.);
#590=ORIENTED_EDGE('',*,*,#1328,.T.);
#591=ORIENTED_EDGE('',*,*,#1607,.F.);
#592=ORIENTED_EDGE('',*,*,#1322,.T.);
#593=ORIENTED_EDGE('',*,*,#1608,.F.);
#594=ORIENTED_EDGE('',*,*,#1609,.F.);
#595=ORIENTED_EDGE('',*,*,#1610,.F.);
#596=ORIENTED_EDGE('',*,*,#1611,.F.);
#597=ORIENTED_EDGE('',*,*,#1608,.T.);
#598=ORIENTED_EDGE('',*,*,#1321,.T.);
#599=ORIENTED_EDGE('',*,*,#1475,.T.);
#600=ORIENTED_EDGE('',*,*,#1612,.T.);
#601=ORIENTED_EDGE('',*,*,#1479,.F.);
#602=ORIENTED_EDGE('',*,*,#1515,.F.);
#603=ORIENTED_EDGE('',*,*,#1512,.T.);
#604=ORIENTED_EDGE('',*,*,#1613,.T.);
#605=ORIENTED_EDGE('',*,*,#1502,.F.);
#606=ORIENTED_EDGE('',*,*,#1517,.T.);
#607=ORIENTED_EDGE('',*,*,#1490,.T.);
#608=ORIENTED_EDGE('',*,*,#1614,.T.);
#609=ORIENTED_EDGE('',*,*,#1494,.F.);
#610=ORIENTED_EDGE('',*,*,#1519,.T.);
#611=ORIENTED_EDGE('',*,*,#1467,.T.);
#612=ORIENTED_EDGE('',*,*,#1615,.T.);
#613=ORIENTED_EDGE('',*,*,#1457,.F.);
#614=ORIENTED_EDGE('',*,*,#1521,.F.);
#615=ORIENTED_EDGE('',*,*,#1363,.T.);
#616=ORIENTED_EDGE('',*,*,#1616,.T.);
#617=ORIENTED_EDGE('',*,*,#1351,.F.);
#618=ORIENTED_EDGE('',*,*,#1537,.F.);
#619=ORIENTED_EDGE('',*,*,#1341,.T.);
#620=ORIENTED_EDGE('',*,*,#1617,.T.);
#621=ORIENTED_EDGE('',*,*,#1344,.F.);
#622=ORIENTED_EDGE('',*,*,#1531,.F.);
#623=ORIENTED_EDGE('',*,*,#1393,.T.);
#624=ORIENTED_EDGE('',*,*,#1618,.T.);
#625=ORIENTED_EDGE('',*,*,#1381,.F.);
#626=ORIENTED_EDGE('',*,*,#1533,.T.);
#627=ORIENTED_EDGE('',*,*,#1371,.T.);
#628=ORIENTED_EDGE('',*,*,#1619,.T.);
#629=ORIENTED_EDGE('',*,*,#1374,.F.);
#630=ORIENTED_EDGE('',*,*,#1535,.T.);
#631=ORIENTED_EDGE('',*,*,#1620,.T.);
#632=ORIENTED_EDGE('',*,*,#1621,.T.);
#633=ORIENTED_EDGE('',*,*,#1622,.T.);
#634=ORIENTED_EDGE('',*,*,#1623,.T.);
#635=ORIENTED_EDGE('',*,*,#1452,.T.);
#636=ORIENTED_EDGE('',*,*,#1624,.T.);
#637=ORIENTED_EDGE('',*,*,#1442,.F.);
#638=ORIENTED_EDGE('',*,*,#1525,.T.);
#639=ORIENTED_EDGE('',*,*,#1430,.T.);
#640=ORIENTED_EDGE('',*,*,#1625,.T.);
#641=ORIENTED_EDGE('',*,*,#1434,.F.);
#642=ORIENTED_EDGE('',*,*,#1527,.T.);
#643=ORIENTED_EDGE('',*,*,#1422,.T.);
#644=ORIENTED_EDGE('',*,*,#1626,.T.);
#645=ORIENTED_EDGE('',*,*,#1412,.F.);
#646=ORIENTED_EDGE('',*,*,#1529,.F.);
#647=ORIENTED_EDGE('',*,*,#1400,.T.);
#648=ORIENTED_EDGE('',*,*,#1627,.T.);
#649=ORIENTED_EDGE('',*,*,#1404,.F.);
#650=ORIENTED_EDGE('',*,*,#1523,.F.);
#651=ORIENTED_EDGE('',*,*,#1628,.T.);
#652=ORIENTED_EDGE('',*,*,#1629,.T.);
#653=ORIENTED_EDGE('',*,*,#1630,.T.);
#654=ORIENTED_EDGE('',*,*,#1631,.T.);
#655=ORIENTED_EDGE('',*,*,#1632,.T.);
#656=ORIENTED_EDGE('',*,*,#1633,.F.);
#657=ORIENTED_EDGE('',*,*,#1634,.F.);
#658=ORIENTED_EDGE('',*,*,#1544,.T.);
#659=ORIENTED_EDGE('',*,*,#1597,.T.);
#660=ORIENTED_EDGE('',*,*,#1635,.T.);
#661=ORIENTED_EDGE('',*,*,#1590,.F.);
#662=ORIENTED_EDGE('',*,*,#1601,.F.);
#663=ORIENTED_EDGE('',*,*,#1580,.F.);
#664=ORIENTED_EDGE('',*,*,#1636,.T.);
#665=ORIENTED_EDGE('',*,*,#1583,.F.);
#666=ORIENTED_EDGE('',*,*,#1549,.F.);
#667=ORIENTED_EDGE('',*,*,#1573,.T.);
#668=ORIENTED_EDGE('',*,*,#1637,.T.);
#669=ORIENTED_EDGE('',*,*,#1566,.F.);
#670=ORIENTED_EDGE('',*,*,#1552,.T.);
#671=ORIENTED_EDGE('',*,*,#1558,.T.);
#672=ORIENTED_EDGE('',*,*,#1638,.T.);
#673=ORIENTED_EDGE('',*,*,#1560,.F.);
#674=ORIENTED_EDGE('',*,*,#1540,.T.);
#675=ORIENTED_EDGE('',*,*,#1639,.T.);
#676=ORIENTED_EDGE('',*,*,#1640,.F.);
#677=ORIENTED_EDGE('',*,*,#1641,.F.);
#678=ORIENTED_EDGE('',*,*,#1642,.T.);
#679=ORIENTED_EDGE('',*,*,#1282,.T.);
#680=ORIENTED_EDGE('',*,*,#1643,.T.);
#681=ORIENTED_EDGE('',*,*,#1644,.T.);
#682=ORIENTED_EDGE('',*,*,#1645,.F.);
#683=ORIENTED_EDGE('',*,*,#1646,.F.);
#684=ORIENTED_EDGE('',*,*,#1647,.F.);
#685=ORIENTED_EDGE('',*,*,#1648,.F.);
#686=ORIENTED_EDGE('',*,*,#1649,.F.);
#687=ORIENTED_EDGE('',*,*,#1650,.F.);
#688=ORIENTED_EDGE('',*,*,#1651,.F.);
#689=ORIENTED_EDGE('',*,*,#1652,.F.);
#690=ORIENTED_EDGE('',*,*,#1653,.F.);
#691=ORIENTED_EDGE('',*,*,#1654,.F.);
#692=ORIENTED_EDGE('',*,*,#1655,.F.);
#693=ORIENTED_EDGE('',*,*,#1656,.F.);
#694=ORIENTED_EDGE('',*,*,#1657,.F.);
#695=ORIENTED_EDGE('',*,*,#1658,.F.);
#696=ORIENTED_EDGE('',*,*,#1659,.F.);
#697=ORIENTED_EDGE('',*,*,#1660,.F.);
#698=ORIENTED_EDGE('',*,*,#1661,.F.);
#699=ORIENTED_EDGE('',*,*,#1662,.F.);
#700=ORIENTED_EDGE('',*,*,#1663,.F.);
#701=ORIENTED_EDGE('',*,*,#1664,.F.);
#702=ORIENTED_EDGE('',*,*,#1665,.F.);
#703=ORIENTED_EDGE('',*,*,#1666,.F.);
#704=ORIENTED_EDGE('',*,*,#1667,.F.);
#705=ORIENTED_EDGE('',*,*,#1668,.F.);
#706=ORIENTED_EDGE('',*,*,#1446,.F.);
#707=ORIENTED_EDGE('',*,*,#1669,.T.);
#708=ORIENTED_EDGE('',*,*,#1448,.T.);
#709=ORIENTED_EDGE('',*,*,#1483,.F.);
#710=ORIENTED_EDGE('',*,*,#1670,.T.);
#711=ORIENTED_EDGE('',*,*,#1471,.T.);
#712=ORIENTED_EDGE('',*,*,#1506,.F.);
#713=ORIENTED_EDGE('',*,*,#1671,.T.);
#714=ORIENTED_EDGE('',*,*,#1508,.T.);
#715=ORIENTED_EDGE('',*,*,#1498,.F.);
#716=ORIENTED_EDGE('',*,*,#1672,.T.);
#717=ORIENTED_EDGE('',*,*,#1486,.T.);
#718=ORIENTED_EDGE('',*,*,#1461,.F.);
#719=ORIENTED_EDGE('',*,*,#1673,.T.);
#720=ORIENTED_EDGE('',*,*,#1463,.T.);
#721=ORIENTED_EDGE('',*,*,#1355,.F.);
#722=ORIENTED_EDGE('',*,*,#1674,.T.);
#723=ORIENTED_EDGE('',*,*,#1359,.T.);
#724=ORIENTED_EDGE('',*,*,#1378,.F.);
#725=ORIENTED_EDGE('',*,*,#1675,.T.);
#726=ORIENTED_EDGE('',*,*,#1367,.T.);
#727=ORIENTED_EDGE('',*,*,#1385,.F.);
#728=ORIENTED_EDGE('',*,*,#1676,.T.);
#729=ORIENTED_EDGE('',*,*,#1389,.T.);
#730=ORIENTED_EDGE('',*,*,#1408,.F.);
#731=ORIENTED_EDGE('',*,*,#1677,.T.);
#732=ORIENTED_EDGE('',*,*,#1396,.T.);
#733=ORIENTED_EDGE('',*,*,#1416,.F.);
#734=ORIENTED_EDGE('',*,*,#1678,.T.);
#735=ORIENTED_EDGE('',*,*,#1418,.T.);
#736=ORIENTED_EDGE('',*,*,#1438,.F.);
#737=ORIENTED_EDGE('',*,*,#1679,.T.);
#738=ORIENTED_EDGE('',*,*,#1426,.T.);
#739=ORIENTED_EDGE('',*,*,#1348,.F.);
#740=ORIENTED_EDGE('',*,*,#1680,.T.);
#741=ORIENTED_EDGE('',*,*,#1337,.T.);
#742=ORIENTED_EDGE('',*,*,#1681,.F.);
#743=ORIENTED_EDGE('',*,*,#1633,.T.);
#744=ORIENTED_EDGE('',*,*,#1682,.F.);
#745=ORIENTED_EDGE('',*,*,#1290,.F.);
#746=ORIENTED_EDGE('',*,*,#1683,.F.);
#747=ORIENTED_EDGE('',*,*,#1684,.F.);
#748=ORIENTED_EDGE('',*,*,#1685,.F.);
#749=ORIENTED_EDGE('',*,*,#1686,.F.);
#750=ORIENTED_EDGE('',*,*,#1306,.T.);
#751=ORIENTED_EDGE('',*,*,#1687,.F.);
#752=ORIENTED_EDGE('',*,*,#1688,.F.);
#753=ORIENTED_EDGE('',*,*,#1689,.F.);
#754=ORIENTED_EDGE('',*,*,#1690,.T.);
#755=ORIENTED_EDGE('',*,*,#1691,.F.);
#756=ORIENTED_EDGE('',*,*,#1692,.F.);
#757=ORIENTED_EDGE('',*,*,#1693,.F.);
#758=ORIENTED_EDGE('',*,*,#1694,.F.);
#759=ORIENTED_EDGE('',*,*,#1304,.T.);
#760=ORIENTED_EDGE('',*,*,#1695,.F.);
#761=ORIENTED_EDGE('',*,*,#1696,.F.);
#762=ORIENTED_EDGE('',*,*,#1697,.F.);
#763=ORIENTED_EDGE('',*,*,#1698,.F.);
#764=ORIENTED_EDGE('',*,*,#1308,.T.);
#765=ORIENTED_EDGE('',*,*,#1699,.F.);
#766=ORIENTED_EDGE('',*,*,#1700,.F.);
#767=ORIENTED_EDGE('',*,*,#1701,.F.);
#768=ORIENTED_EDGE('',*,*,#1702,.F.);
#769=ORIENTED_EDGE('',*,*,#1287,.F.);
#770=ORIENTED_EDGE('',*,*,#1310,.T.);
#771=ORIENTED_EDGE('',*,*,#1703,.F.);
#772=ORIENTED_EDGE('',*,*,#1704,.F.);
#773=ORIENTED_EDGE('',*,*,#1705,.F.);
#774=ORIENTED_EDGE('',*,*,#1706,.F.);
#775=ORIENTED_EDGE('',*,*,#1707,.T.);
#776=ORIENTED_EDGE('',*,*,#1690,.F.);
#777=ORIENTED_EDGE('',*,*,#1312,.F.);
#778=ORIENTED_EDGE('',*,*,#1708,.T.);
#779=ORIENTED_EDGE('',*,*,#1709,.T.);
#780=ORIENTED_EDGE('',*,*,#1710,.T.);
#781=ORIENTED_EDGE('',*,*,#1630,.F.);
#782=ORIENTED_EDGE('',*,*,#1696,.T.);
#783=ORIENTED_EDGE('',*,*,#1711,.T.);
#784=ORIENTED_EDGE('',*,*,#1705,.T.);
#785=ORIENTED_EDGE('',*,*,#1712,.F.);
#786=ORIENTED_EDGE('',*,*,#1684,.T.);
#787=ORIENTED_EDGE('',*,*,#1713,.T.);
#788=ORIENTED_EDGE('',*,*,#1701,.T.);
#789=ORIENTED_EDGE('',*,*,#1714,.F.);
#790=ORIENTED_EDGE('',*,*,#1692,.T.);
#791=ORIENTED_EDGE('',*,*,#1715,.T.);
#792=ORIENTED_EDGE('',*,*,#1689,.T.);
#793=ORIENTED_EDGE('',*,*,#1716,.F.);
#794=ORIENTED_EDGE('',*,*,#1717,.F.);
#795=ORIENTED_EDGE('',*,*,#1283,.T.);
#796=ORIENTED_EDGE('',*,*,#1642,.F.);
#797=ORIENTED_EDGE('',*,*,#1718,.F.);
#798=ORIENTED_EDGE('',*,*,#1292,.T.);
#799=ORIENTED_EDGE('',*,*,#1719,.T.);
#800=ORIENTED_EDGE('',*,*,#1631,.F.);
#801=ORIENTED_EDGE('',*,*,#1710,.F.);
#802=ORIENTED_EDGE('',*,*,#1641,.T.);
#803=ORIENTED_EDGE('',*,*,#1720,.F.);
#804=ORIENTED_EDGE('',*,*,#1293,.F.);
#805=ORIENTED_EDGE('',*,*,#1718,.T.);
#806=ORIENTED_EDGE('',*,*,#1640,.T.);
#807=ORIENTED_EDGE('',*,*,#1721,.T.);
#808=ORIENTED_EDGE('',*,*,#1294,.F.);
#809=ORIENTED_EDGE('',*,*,#1720,.T.);
#810=ORIENTED_EDGE('',*,*,#1632,.F.);
#811=ORIENTED_EDGE('',*,*,#1719,.F.);
#812=ORIENTED_EDGE('',*,*,#1291,.T.);
#813=ORIENTED_EDGE('',*,*,#1682,.T.);
#814=ORIENTED_EDGE('',*,*,#1722,.F.);
#815=ORIENTED_EDGE('',*,*,#1708,.F.);
#816=ORIENTED_EDGE('',*,*,#1311,.F.);
#817=ORIENTED_EDGE('',*,*,#1285,.T.);
#818=ORIENTED_EDGE('',*,*,#1303,.T.);
#819=ORIENTED_EDGE('',*,*,#1723,.F.);
#820=ORIENTED_EDGE('',*,*,#1723,.T.);
#821=ORIENTED_EDGE('',*,*,#1724,.F.);
#822=ORIENTED_EDGE('',*,*,#1724,.T.);
#823=ORIENTED_EDGE('',*,*,#1620,.F.);
#824=ORIENTED_EDGE('',*,*,#1302,.T.);
#825=ORIENTED_EDGE('',*,*,#1725,.F.);
#826=ORIENTED_EDGE('',*,*,#1725,.T.);
#827=ORIENTED_EDGE('',*,*,#1726,.F.);
#828=ORIENTED_EDGE('',*,*,#1726,.T.);
#829=ORIENTED_EDGE('',*,*,#1621,.F.);
#830=ORIENTED_EDGE('',*,*,#1301,.T.);
#831=ORIENTED_EDGE('',*,*,#1727,.F.);
#832=ORIENTED_EDGE('',*,*,#1727,.T.);
#833=ORIENTED_EDGE('',*,*,#1728,.F.);
#834=ORIENTED_EDGE('',*,*,#1728,.T.);
#835=ORIENTED_EDGE('',*,*,#1622,.F.);
#836=ORIENTED_EDGE('',*,*,#1300,.T.);
#837=ORIENTED_EDGE('',*,*,#1729,.F.);
#838=ORIENTED_EDGE('',*,*,#1729,.T.);
#839=ORIENTED_EDGE('',*,*,#1730,.F.);
#840=ORIENTED_EDGE('',*,*,#1730,.T.);
#841=ORIENTED_EDGE('',*,*,#1623,.F.);
#842=ORIENTED_EDGE('',*,*,#1722,.T.);
#843=ORIENTED_EDGE('',*,*,#1284,.T.);
#844=ORIENTED_EDGE('',*,*,#1717,.T.);
#845=ORIENTED_EDGE('',*,*,#1709,.F.);
#846=ORIENTED_EDGE('',*,*,#1704,.T.);
#847=ORIENTED_EDGE('',*,*,#1731,.F.);
#848=ORIENTED_EDGE('',*,*,#1697,.T.);
#849=ORIENTED_EDGE('',*,*,#1712,.T.);
#850=ORIENTED_EDGE('',*,*,#1703,.T.);
#851=ORIENTED_EDGE('',*,*,#1309,.F.);
#852=ORIENTED_EDGE('',*,*,#1698,.T.);
#853=ORIENTED_EDGE('',*,*,#1731,.T.);
#854=ORIENTED_EDGE('',*,*,#1685,.T.);
#855=ORIENTED_EDGE('',*,*,#1714,.T.);
#856=ORIENTED_EDGE('',*,*,#1700,.T.);
#857=ORIENTED_EDGE('',*,*,#1732,.F.);
#858=ORIENTED_EDGE('',*,*,#1699,.T.);
#859=ORIENTED_EDGE('',*,*,#1307,.F.);
#860=ORIENTED_EDGE('',*,*,#1686,.T.);
#861=ORIENTED_EDGE('',*,*,#1732,.T.);
#862=ORIENTED_EDGE('',*,*,#1693,.T.);
#863=ORIENTED_EDGE('',*,*,#1716,.T.);
#864=ORIENTED_EDGE('',*,*,#1688,.T.);
#865=ORIENTED_EDGE('',*,*,#1733,.F.);
#866=ORIENTED_EDGE('',*,*,#1687,.T.);
#867=ORIENTED_EDGE('',*,*,#1305,.F.);
#868=ORIENTED_EDGE('',*,*,#1694,.T.);
#869=ORIENTED_EDGE('',*,*,#1733,.T.);
#870=ORIENTED_EDGE('',*,*,#1683,.T.);
#871=ORIENTED_EDGE('',*,*,#1715,.F.);
#872=ORIENTED_EDGE('',*,*,#1691,.T.);
#873=ORIENTED_EDGE('',*,*,#1707,.F.);
#874=ORIENTED_EDGE('',*,*,#1734,.F.);
#875=ORIENTED_EDGE('',*,*,#1735,.F.);
#876=ORIENTED_EDGE('',*,*,#1736,.F.);
#877=ORIENTED_EDGE('',*,*,#1737,.F.);
#878=ORIENTED_EDGE('',*,*,#1280,.F.);
#879=ORIENTED_EDGE('',*,*,#1702,.T.);
#880=ORIENTED_EDGE('',*,*,#1711,.F.);
#881=ORIENTED_EDGE('',*,*,#1695,.T.);
#882=ORIENTED_EDGE('',*,*,#1713,.F.);
#883=ORIENTED_EDGE('',*,*,#1738,.F.);
#884=ORIENTED_EDGE('',*,*,#1739,.T.);
#885=ORIENTED_EDGE('',*,*,#1295,.T.);
#886=ORIENTED_EDGE('',*,*,#1721,.F.);
#887=ORIENTED_EDGE('',*,*,#1639,.F.);
#888=ORIENTED_EDGE('',*,*,#1539,.T.);
#889=ORIENTED_EDGE('',*,*,#1740,.F.);
#890=ORIENTED_EDGE('',*,*,#1741,.T.);
#891=ORIENTED_EDGE('',*,*,#1545,.F.);
#892=ORIENTED_EDGE('',*,*,#1634,.T.);
#893=ORIENTED_EDGE('',*,*,#1681,.T.);
#894=ORIENTED_EDGE('',*,*,#1289,.F.);
#895=ORIENTED_EDGE('',*,*,#1591,.T.);
#896=ORIENTED_EDGE('',*,*,#1635,.F.);
#897=ORIENTED_EDGE('',*,*,#1596,.F.);
#898=ORIENTED_EDGE('',*,*,#1742,.T.);
#899=ORIENTED_EDGE('',*,*,#1598,.T.);
#900=ORIENTED_EDGE('',*,*,#1592,.T.);
#901=ORIENTED_EDGE('',*,*,#1742,.F.);
#902=ORIENTED_EDGE('',*,*,#1595,.F.);
#903=ORIENTED_EDGE('',*,*,#1579,.T.);
#904=ORIENTED_EDGE('',*,*,#1743,.T.);
#905=ORIENTED_EDGE('',*,*,#1584,.T.);
#906=ORIENTED_EDGE('',*,*,#1636,.F.);
#907=ORIENTED_EDGE('',*,*,#1586,.T.);
#908=ORIENTED_EDGE('',*,*,#1578,.T.);
#909=ORIENTED_EDGE('',*,*,#1585,.T.);
#910=ORIENTED_EDGE('',*,*,#1743,.F.);
#911=ORIENTED_EDGE('',*,*,#1567,.T.);
#912=ORIENTED_EDGE('',*,*,#1637,.F.);
#913=ORIENTED_EDGE('',*,*,#1572,.F.);
#914=ORIENTED_EDGE('',*,*,#1744,.T.);
#915=ORIENTED_EDGE('',*,*,#1574,.T.);
#916=ORIENTED_EDGE('',*,*,#1568,.T.);
#917=ORIENTED_EDGE('',*,*,#1744,.F.);
#918=ORIENTED_EDGE('',*,*,#1571,.F.);
#919=ORIENTED_EDGE('',*,*,#1562,.T.);
#920=ORIENTED_EDGE('',*,*,#1745,.F.);
#921=ORIENTED_EDGE('',*,*,#1556,.F.);
#922=ORIENTED_EDGE('',*,*,#1563,.T.);
#923=ORIENTED_EDGE('',*,*,#1745,.T.);
#924=ORIENTED_EDGE('',*,*,#1561,.T.);
#925=ORIENTED_EDGE('',*,*,#1638,.F.);
#926=ORIENTED_EDGE('',*,*,#1557,.F.);
#927=ORIENTED_EDGE('',*,*,#1297,.T.);
#928=ORIENTED_EDGE('',*,*,#1746,.F.);
#929=ORIENTED_EDGE('',*,*,#1747,.T.);
#930=ORIENTED_EDGE('',*,*,#1748,.T.);
#931=ORIENTED_EDGE('',*,*,#1749,.T.);
#932=ORIENTED_EDGE('',*,*,#1299,.T.);
#933=ORIENTED_EDGE('',*,*,#1750,.F.);
#934=ORIENTED_EDGE('',*,*,#1751,.F.);
#935=ORIENTED_EDGE('',*,*,#1752,.T.);
#936=ORIENTED_EDGE('',*,*,#1509,.T.);
#937=ORIENTED_EDGE('',*,*,#1671,.F.);
#938=ORIENTED_EDGE('',*,*,#1505,.F.);
#939=ORIENTED_EDGE('',*,*,#1613,.F.);
#940=ORIENTED_EDGE('',*,*,#1511,.T.);
#941=ORIENTED_EDGE('',*,*,#1753,.T.);
#942=ORIENTED_EDGE('',*,*,#1503,.F.);
#943=ORIENTED_EDGE('',*,*,#1667,.T.);
#944=ORIENTED_EDGE('',*,*,#1753,.F.);
#945=ORIENTED_EDGE('',*,*,#1510,.T.);
#946=ORIENTED_EDGE('',*,*,#1752,.F.);
#947=ORIENTED_EDGE('',*,*,#1504,.F.);
#948=ORIENTED_EDGE('',*,*,#1487,.T.);
#949=ORIENTED_EDGE('',*,*,#1672,.F.);
#950=ORIENTED_EDGE('',*,*,#1497,.F.);
#951=ORIENTED_EDGE('',*,*,#1754,.T.);
#952=ORIENTED_EDGE('',*,*,#1489,.T.);
#953=ORIENTED_EDGE('',*,*,#1755,.T.);
#954=ORIENTED_EDGE('',*,*,#1495,.F.);
#955=ORIENTED_EDGE('',*,*,#1614,.F.);
#956=ORIENTED_EDGE('',*,*,#1665,.T.);
#957=ORIENTED_EDGE('',*,*,#1488,.T.);
#958=ORIENTED_EDGE('',*,*,#1754,.F.);
#959=ORIENTED_EDGE('',*,*,#1496,.F.);
#960=ORIENTED_EDGE('',*,*,#1755,.F.);
#961=ORIENTED_EDGE('',*,*,#1472,.T.);
#962=ORIENTED_EDGE('',*,*,#1670,.F.);
#963=ORIENTED_EDGE('',*,*,#1482,.F.);
#964=ORIENTED_EDGE('',*,*,#1756,.T.);
#965=ORIENTED_EDGE('',*,*,#1474,.T.);
#966=ORIENTED_EDGE('',*,*,#1757,.T.);
#967=ORIENTED_EDGE('',*,*,#1480,.F.);
#968=ORIENTED_EDGE('',*,*,#1612,.F.);
#969=ORIENTED_EDGE('',*,*,#1663,.T.);
#970=ORIENTED_EDGE('',*,*,#1473,.T.);
#971=ORIENTED_EDGE('',*,*,#1756,.F.);
#972=ORIENTED_EDGE('',*,*,#1481,.F.);
#973=ORIENTED_EDGE('',*,*,#1757,.F.);
#974=ORIENTED_EDGE('',*,*,#1758,.T.);
#975=ORIENTED_EDGE('',*,*,#1464,.T.);
#976=ORIENTED_EDGE('',*,*,#1673,.F.);
#977=ORIENTED_EDGE('',*,*,#1460,.F.);
#978=ORIENTED_EDGE('',*,*,#1615,.F.);
#979=ORIENTED_EDGE('',*,*,#1466,.T.);
#980=ORIENTED_EDGE('',*,*,#1759,.T.);
#981=ORIENTED_EDGE('',*,*,#1458,.F.);
#982=ORIENTED_EDGE('',*,*,#1661,.T.);
#983=ORIENTED_EDGE('',*,*,#1759,.F.);
#984=ORIENTED_EDGE('',*,*,#1465,.T.);
#985=ORIENTED_EDGE('',*,*,#1758,.F.);
#986=ORIENTED_EDGE('',*,*,#1459,.F.);
#987=ORIENTED_EDGE('',*,*,#1760,.T.);
#988=ORIENTED_EDGE('',*,*,#1449,.T.);
#989=ORIENTED_EDGE('',*,*,#1669,.F.);
#990=ORIENTED_EDGE('',*,*,#1445,.F.);
#991=ORIENTED_EDGE('',*,*,#1624,.F.);
#992=ORIENTED_EDGE('',*,*,#1451,.T.);
#993=ORIENTED_EDGE('',*,*,#1761,.T.);
#994=ORIENTED_EDGE('',*,*,#1443,.F.);
#995=ORIENTED_EDGE('',*,*,#1659,.T.);
#996=ORIENTED_EDGE('',*,*,#1761,.F.);
#997=ORIENTED_EDGE('',*,*,#1450,.T.);
#998=ORIENTED_EDGE('',*,*,#1760,.F.);
#999=ORIENTED_EDGE('',*,*,#1444,.F.);
#1000=ORIENTED_EDGE('',*,*,#1427,.T.);
#1001=ORIENTED_EDGE('',*,*,#1679,.F.);
#1002=ORIENTED_EDGE('',*,*,#1437,.F.);
#1003=ORIENTED_EDGE('',*,*,#1762,.T.);
#1004=ORIENTED_EDGE('',*,*,#1429,.T.);
#1005=ORIENTED_EDGE('',*,*,#1763,.T.);
#1006=ORIENTED_EDGE('',*,*,#1435,.F.);
#1007=ORIENTED_EDGE('',*,*,#1625,.F.);
#1008=ORIENTED_EDGE('',*,*,#1657,.T.);
#1009=ORIENTED_EDGE('',*,*,#1428,.T.);
#1010=ORIENTED_EDGE('',*,*,#1762,.F.);
#1011=ORIENTED_EDGE('',*,*,#1436,.F.);
#1012=ORIENTED_EDGE('',*,*,#1763,.F.);
#1013=ORIENTED_EDGE('',*,*,#1764,.T.);
#1014=ORIENTED_EDGE('',*,*,#1419,.T.);
#1015=ORIENTED_EDGE('',*,*,#1678,.F.);
#1016=ORIENTED_EDGE('',*,*,#1415,.F.);
#1017=ORIENTED_EDGE('',*,*,#1626,.F.);
#1018=ORIENTED_EDGE('',*,*,#1421,.T.);
#1019=ORIENTED_EDGE('',*,*,#1765,.T.);
#1020=ORIENTED_EDGE('',*,*,#1413,.F.);
#1021=ORIENTED_EDGE('',*,*,#1655,.T.);
#1022=ORIENTED_EDGE('',*,*,#1765,.F.);
#1023=ORIENTED_EDGE('',*,*,#1420,.T.);
#1024=ORIENTED_EDGE('',*,*,#1764,.F.);
#1025=ORIENTED_EDGE('',*,*,#1414,.F.);
#1026=ORIENTED_EDGE('',*,*,#1397,.T.);
#1027=ORIENTED_EDGE('',*,*,#1677,.F.);
#1028=ORIENTED_EDGE('',*,*,#1407,.F.);
#1029=ORIENTED_EDGE('',*,*,#1766,.T.);
#1030=ORIENTED_EDGE('',*,*,#1399,.T.);
#1031=ORIENTED_EDGE('',*,*,#1767,.T.);
#1032=ORIENTED_EDGE('',*,*,#1405,.F.);
#1033=ORIENTED_EDGE('',*,*,#1627,.F.);
#1034=ORIENTED_EDGE('',*,*,#1653,.T.);
#1035=ORIENTED_EDGE('',*,*,#1398,.T.);
#1036=ORIENTED_EDGE('',*,*,#1766,.F.);
#1037=ORIENTED_EDGE('',*,*,#1406,.F.);
#1038=ORIENTED_EDGE('',*,*,#1767,.F.);
#1039=ORIENTED_EDGE('',*,*,#1768,.T.);
#1040=ORIENTED_EDGE('',*,*,#1390,.T.);
#1041=ORIENTED_EDGE('',*,*,#1676,.F.);
#1042=ORIENTED_EDGE('',*,*,#1384,.F.);
#1043=ORIENTED_EDGE('',*,*,#1618,.F.);
#1044=ORIENTED_EDGE('',*,*,#1392,.T.);
#1045=ORIENTED_EDGE('',*,*,#1769,.T.);
#1046=ORIENTED_EDGE('',*,*,#1382,.F.);
#1047=ORIENTED_EDGE('',*,*,#1651,.T.);
#1048=ORIENTED_EDGE('',*,*,#1769,.F.);
#1049=ORIENTED_EDGE('',*,*,#1391,.T.);
#1050=ORIENTED_EDGE('',*,*,#1768,.F.);
#1051=ORIENTED_EDGE('',*,*,#1383,.F.);
#1052=ORIENTED_EDGE('',*,*,#1368,.T.);
#1053=ORIENTED_EDGE('',*,*,#1675,.F.);
#1054=ORIENTED_EDGE('',*,*,#1377,.F.);
#1055=ORIENTED_EDGE('',*,*,#1770,.T.);
#1056=ORIENTED_EDGE('',*,*,#1370,.T.);
#1057=ORIENTED_EDGE('',*,*,#1771,.T.);
#1058=ORIENTED_EDGE('',*,*,#1375,.F.);
#1059=ORIENTED_EDGE('',*,*,#1619,.F.);
#1060=ORIENTED_EDGE('',*,*,#1649,.T.);
#1061=ORIENTED_EDGE('',*,*,#1369,.T.);
#1062=ORIENTED_EDGE('',*,*,#1770,.F.);
#1063=ORIENTED_EDGE('',*,*,#1376,.F.);
#1064=ORIENTED_EDGE('',*,*,#1771,.F.);
#1065=ORIENTED_EDGE('',*,*,#1772,.T.);
#1066=ORIENTED_EDGE('',*,*,#1360,.T.);
#1067=ORIENTED_EDGE('',*,*,#1674,.F.);
#1068=ORIENTED_EDGE('',*,*,#1354,.F.);
#1069=ORIENTED_EDGE('',*,*,#1616,.F.);
#1070=ORIENTED_EDGE('',*,*,#1362,.T.);
#1071=ORIENTED_EDGE('',*,*,#1773,.T.);
#1072=ORIENTED_EDGE('',*,*,#1352,.F.);
#1073=ORIENTED_EDGE('',*,*,#1647,.T.);
#1074=ORIENTED_EDGE('',*,*,#1773,.F.);
#1075=ORIENTED_EDGE('',*,*,#1361,.T.);
#1076=ORIENTED_EDGE('',*,*,#1772,.F.);
#1077=ORIENTED_EDGE('',*,*,#1353,.F.);
#1078=ORIENTED_EDGE('',*,*,#1338,.T.);
#1079=ORIENTED_EDGE('',*,*,#1680,.F.);
#1080=ORIENTED_EDGE('',*,*,#1347,.F.);
#1081=ORIENTED_EDGE('',*,*,#1774,.T.);
#1082=ORIENTED_EDGE('',*,*,#1340,.T.);
#1083=ORIENTED_EDGE('',*,*,#1775,.T.);
#1084=ORIENTED_EDGE('',*,*,#1345,.F.);
#1085=ORIENTED_EDGE('',*,*,#1617,.F.);
#1086=ORIENTED_EDGE('',*,*,#1645,.T.);
#1087=ORIENTED_EDGE('',*,*,#1339,.T.);
#1088=ORIENTED_EDGE('',*,*,#1774,.F.);
#1089=ORIENTED_EDGE('',*,*,#1346,.F.);
#1090=ORIENTED_EDGE('',*,*,#1775,.F.);
#1091=ORIENTED_EDGE('',*,*,#1327,.T.);
#1092=ORIENTED_EDGE('',*,*,#1776,.F.);
#1093=ORIENTED_EDGE('',*,*,#1777,.F.);
#1094=ORIENTED_EDGE('',*,*,#1605,.T.);
#1095=ORIENTED_EDGE('',*,*,#1320,.T.);
#1096=ORIENTED_EDGE('',*,*,#1778,.F.);
#1097=ORIENTED_EDGE('',*,*,#1779,.F.);
#1098=ORIENTED_EDGE('',*,*,#1610,.T.);
#1099=ORIENTED_EDGE('',*,*,#1779,.T.);
#1100=ORIENTED_EDGE('',*,*,#1780,.T.);
#1101=ORIENTED_EDGE('',*,*,#1781,.T.);
#1102=ORIENTED_EDGE('',*,*,#1782,.F.);
#1103=ORIENTED_EDGE('',*,*,#1783,.F.);
#1104=ORIENTED_EDGE('',*,*,#1609,.T.);
#1105=ORIENTED_EDGE('',*,*,#1611,.T.);
#1106=ORIENTED_EDGE('',*,*,#1365,.F.);
#1107=ORIENTED_EDGE('',*,*,#1532,.T.);
#1108=ORIENTED_EDGE('',*,*,#1379,.F.);
#1109=ORIENTED_EDGE('',*,*,#1388,.F.);
#1110=ORIENTED_EDGE('',*,*,#1530,.F.);
#1111=ORIENTED_EDGE('',*,*,#1342,.F.);
#1112=ORIENTED_EDGE('',*,*,#1335,.F.);
#1113=ORIENTED_EDGE('',*,*,#1536,.F.);
#1114=ORIENTED_EDGE('',*,*,#1349,.F.);
#1115=ORIENTED_EDGE('',*,*,#1358,.F.);
#1116=ORIENTED_EDGE('',*,*,#1534,.T.);
#1117=ORIENTED_EDGE('',*,*,#1372,.F.);
#1118=ORIENTED_EDGE('',*,*,#1648,.T.);
#1119=ORIENTED_EDGE('',*,*,#1646,.T.);
#1120=ORIENTED_EDGE('',*,*,#1652,.T.);
#1121=ORIENTED_EDGE('',*,*,#1650,.T.);
#1122=ORIENTED_EDGE('',*,*,#1325,.T.);
#1123=ORIENTED_EDGE('',*,*,#1784,.F.);
#1124=ORIENTED_EDGE('',*,*,#1781,.F.);
#1125=ORIENTED_EDGE('',*,*,#1785,.T.);
#1126=ORIENTED_EDGE('',*,*,#1606,.T.);
#1127=ORIENTED_EDGE('',*,*,#1777,.T.);
#1128=ORIENTED_EDGE('',*,*,#1786,.T.);
#1129=ORIENTED_EDGE('',*,*,#1787,.T.);
#1130=ORIENTED_EDGE('',*,*,#1788,.F.);
#1131=ORIENTED_EDGE('',*,*,#1789,.F.);
#1132=ORIENTED_EDGE('',*,*,#1604,.T.);
#1133=ORIENTED_EDGE('',*,*,#1462,.T.);
#1134=ORIENTED_EDGE('',*,*,#1518,.T.);
#1135=ORIENTED_EDGE('',*,*,#1492,.F.);
#1136=ORIENTED_EDGE('',*,*,#1484,.T.);
#1137=ORIENTED_EDGE('',*,*,#1516,.T.);
#1138=ORIENTED_EDGE('',*,*,#1500,.F.);
#1139=ORIENTED_EDGE('',*,*,#1507,.T.);
#1140=ORIENTED_EDGE('',*,*,#1514,.F.);
#1141=ORIENTED_EDGE('',*,*,#1477,.F.);
#1142=ORIENTED_EDGE('',*,*,#1469,.T.);
#1143=ORIENTED_EDGE('',*,*,#1520,.F.);
#1144=ORIENTED_EDGE('',*,*,#1455,.F.);
#1145=ORIENTED_EDGE('',*,*,#1664,.T.);
#1146=ORIENTED_EDGE('',*,*,#1668,.T.);
#1147=ORIENTED_EDGE('',*,*,#1666,.T.);
#1148=ORIENTED_EDGE('',*,*,#1662,.T.);
#1149=ORIENTED_EDGE('',*,*,#1332,.T.);
#1150=ORIENTED_EDGE('',*,*,#1790,.F.);
#1151=ORIENTED_EDGE('',*,*,#1787,.F.);
#1152=ORIENTED_EDGE('',*,*,#1791,.T.);
#1153=ORIENTED_EDGE('',*,*,#1315,.T.);
#1154=ORIENTED_EDGE('',*,*,#1792,.F.);
#1155=ORIENTED_EDGE('',*,*,#1793,.F.);
#1156=ORIENTED_EDGE('',*,*,#1794,.F.);
#1157=ORIENTED_EDGE('',*,*,#1795,.F.);
#1158=ORIENTED_EDGE('',*,*,#1796,.T.);
#1159=ORIENTED_EDGE('',*,*,#1317,.T.);
#1160=ORIENTED_EDGE('',*,*,#1797,.F.);
#1161=ORIENTED_EDGE('',*,*,#1316,.T.);
#1162=ORIENTED_EDGE('',*,*,#1794,.T.);
#1163=ORIENTED_EDGE('',*,*,#1798,.F.);
#1164=ORIENTED_EDGE('',*,*,#1797,.T.);
#1165=ORIENTED_EDGE('',*,*,#1799,.F.);
#1166=ORIENTED_EDGE('',*,*,#1800,.T.);
#1167=ORIENTED_EDGE('',*,*,#1801,.T.);
#1168=ORIENTED_EDGE('',*,*,#1802,.T.);
#1169=ORIENTED_EDGE('',*,*,#1795,.T.);
#1170=ORIENTED_EDGE('',*,*,#1798,.T.);
#1171=ORIENTED_EDGE('',*,*,#1793,.T.);
#1172=ORIENTED_EDGE('',*,*,#1394,.T.);
#1173=ORIENTED_EDGE('',*,*,#1528,.F.);
#1174=ORIENTED_EDGE('',*,*,#1410,.F.);
#1175=ORIENTED_EDGE('',*,*,#1417,.T.);
#1176=ORIENTED_EDGE('',*,*,#1526,.T.);
#1177=ORIENTED_EDGE('',*,*,#1432,.F.);
#1178=ORIENTED_EDGE('',*,*,#1424,.T.);
#1179=ORIENTED_EDGE('',*,*,#1524,.T.);
#1180=ORIENTED_EDGE('',*,*,#1440,.F.);
#1181=ORIENTED_EDGE('',*,*,#1447,.T.);
#1182=ORIENTED_EDGE('',*,*,#1522,.F.);
#1183=ORIENTED_EDGE('',*,*,#1402,.F.);
#1184=ORIENTED_EDGE('',*,*,#1660,.T.);
#1185=ORIENTED_EDGE('',*,*,#1658,.T.);
#1186=ORIENTED_EDGE('',*,*,#1656,.T.);
#1187=ORIENTED_EDGE('',*,*,#1654,.T.);
#1188=ORIENTED_EDGE('',*,*,#1313,.T.);
#1189=ORIENTED_EDGE('',*,*,#1803,.F.);
#1190=ORIENTED_EDGE('',*,*,#1800,.F.);
#1191=ORIENTED_EDGE('',*,*,#1804,.T.);
#1192=ORIENTED_EDGE('',*,*,#1802,.F.);
#1193=ORIENTED_EDGE('',*,*,#1805,.T.);
#1194=ORIENTED_EDGE('',*,*,#1318,.T.);
#1195=ORIENTED_EDGE('',*,*,#1796,.F.);
#1196=ORIENTED_EDGE('',*,*,#1319,.T.);
#1197=ORIENTED_EDGE('',*,*,#1805,.F.);
#1198=ORIENTED_EDGE('',*,*,#1801,.F.);
#1199=ORIENTED_EDGE('',*,*,#1803,.T.);
#1200=ORIENTED_EDGE('',*,*,#1607,.T.);
#1201=ORIENTED_EDGE('',*,*,#1783,.T.);
#1202=ORIENTED_EDGE('',*,*,#1806,.T.);
#1203=ORIENTED_EDGE('',*,*,#1323,.F.);
#1204=ORIENTED_EDGE('',*,*,#1806,.F.);
#1205=ORIENTED_EDGE('',*,*,#1782,.T.);
#1206=ORIENTED_EDGE('',*,*,#1784,.T.);
#1207=ORIENTED_EDGE('',*,*,#1324,.F.);
#1208=ORIENTED_EDGE('',*,*,#1602,.T.);
#1209=ORIENTED_EDGE('',*,*,#1789,.T.);
#1210=ORIENTED_EDGE('',*,*,#1807,.T.);
#1211=ORIENTED_EDGE('',*,*,#1330,.F.);
#1212=ORIENTED_EDGE('',*,*,#1807,.F.);
#1213=ORIENTED_EDGE('',*,*,#1788,.T.);
#1214=ORIENTED_EDGE('',*,*,#1790,.T.);
#1215=ORIENTED_EDGE('',*,*,#1331,.F.);
#1216=ORIENTED_EDGE('',*,*,#1738,.T.);
#1217=ORIENTED_EDGE('',*,*,#1538,.T.);
#1218=ORIENTED_EDGE('',*,*,#1559,.T.);
#1219=ORIENTED_EDGE('',*,*,#1554,.F.);
#1220=ORIENTED_EDGE('',*,*,#1550,.T.);
#1221=ORIENTED_EDGE('',*,*,#1565,.T.);
#1222=ORIENTED_EDGE('',*,*,#1570,.F.);
#1223=ORIENTED_EDGE('',*,*,#1547,.F.);
#1224=ORIENTED_EDGE('',*,*,#1582,.T.);
#1225=ORIENTED_EDGE('',*,*,#1576,.T.);
#1226=ORIENTED_EDGE('',*,*,#1600,.F.);
#1227=ORIENTED_EDGE('',*,*,#1588,.T.);
#1228=ORIENTED_EDGE('',*,*,#1594,.F.);
#1229=ORIENTED_EDGE('',*,*,#1542,.T.);
#1230=ORIENTED_EDGE('',*,*,#1741,.F.);
#1231=ORIENTED_EDGE('',*,*,#1808,.T.);
#1232=ORIENTED_EDGE('',*,*,#1751,.T.);
#1233=ORIENTED_EDGE('',*,*,#1809,.F.);
#1234=ORIENTED_EDGE('',*,*,#1747,.F.);
#1235=ORIENTED_EDGE('',*,*,#1810,.T.);
#1236=ORIENTED_EDGE('',*,*,#1599,.T.);
#1237=ORIENTED_EDGE('',*,*,#1587,.T.);
#1238=ORIENTED_EDGE('',*,*,#1575,.T.);
#1239=ORIENTED_EDGE('',*,*,#1564,.T.);
#1240=ORIENTED_EDGE('',*,*,#1746,.T.);
#1241=ORIENTED_EDGE('',*,*,#1296,.T.);
#1242=ORIENTED_EDGE('',*,*,#1739,.F.);
#1243=ORIENTED_EDGE('',*,*,#1810,.F.);
#1244=ORIENTED_EDGE('',*,*,#1740,.T.);
#1245=ORIENTED_EDGE('',*,*,#1288,.T.);
#1246=ORIENTED_EDGE('',*,*,#1749,.F.);
#1247=ORIENTED_EDGE('',*,*,#1808,.F.);
#1248=ORIENTED_EDGE('',*,*,#1750,.T.);
#1249=ORIENTED_EDGE('',*,*,#1298,.F.);
#1250=ORIENTED_EDGE('',*,*,#1748,.F.);
#1251=ORIENTED_EDGE('',*,*,#1809,.T.);
#1252=ORIENTED_EDGE('',*,*,#1326,.T.);
#1253=ORIENTED_EDGE('',*,*,#1785,.F.);
#1254=ORIENTED_EDGE('',*,*,#1780,.F.);
#1255=ORIENTED_EDGE('',*,*,#1778,.T.);
#1256=ORIENTED_EDGE('',*,*,#1804,.F.);
#1257=ORIENTED_EDGE('',*,*,#1799,.T.);
#1258=ORIENTED_EDGE('',*,*,#1792,.T.);
#1259=ORIENTED_EDGE('',*,*,#1314,.F.);
#1260=ORIENTED_EDGE('',*,*,#1776,.T.);
#1261=ORIENTED_EDGE('',*,*,#1333,.T.);
#1262=ORIENTED_EDGE('',*,*,#1791,.F.);
#1263=ORIENTED_EDGE('',*,*,#1786,.F.);
#1264=ORIENTED_EDGE('',*,*,#1629,.F.);
#1265=ORIENTED_EDGE('',*,*,#1811,.F.);
#1266=ORIENTED_EDGE('',*,*,#1734,.T.);
#1267=ORIENTED_EDGE('',*,*,#1706,.T.);
#1268=ORIENTED_EDGE('',*,*,#1628,.F.);
#1269=ORIENTED_EDGE('',*,*,#1812,.F.);
#1270=ORIENTED_EDGE('',*,*,#1735,.T.);
#1271=ORIENTED_EDGE('',*,*,#1811,.T.);
#1272=ORIENTED_EDGE('',*,*,#1644,.F.);
#1273=ORIENTED_EDGE('',*,*,#1813,.F.);
#1274=ORIENTED_EDGE('',*,*,#1736,.T.);
#1275=ORIENTED_EDGE('',*,*,#1812,.T.);
#1276=ORIENTED_EDGE('',*,*,#1643,.F.);
#1277=ORIENTED_EDGE('',*,*,#1281,.F.);
#1278=ORIENTED_EDGE('',*,*,#1737,.T.);
#1279=ORIENTED_EDGE('',*,*,#1813,.T.);
#1280=EDGE_CURVE('',#1814,#1815,#2186,.T.);
#1281=EDGE_CURVE('',#1815,#1816,#2187,.T.);
#1282=EDGE_CURVE('',#1817,#1816,#2188,.T.);
#1283=EDGE_CURVE('',#1818,#1817,#2189,.T.);
#1284=EDGE_CURVE('',#1819,#1818,#2190,.T.);
#1285=EDGE_CURVE('',#1820,#1819,#2191,.T.);
#1286=EDGE_CURVE('',#1821,#1820,#2192,.T.);
#1287=EDGE_CURVE('',#1821,#1814,#2193,.T.);
#1288=EDGE_CURVE('',#1822,#1823,#2194,.T.);
#1289=EDGE_CURVE('',#1822,#1824,#2195,.T.);
#1290=EDGE_CURVE('',#1824,#1825,#2196,.T.);
#1291=EDGE_CURVE('',#1826,#1825,#2197,.T.);
#1292=EDGE_CURVE('',#1827,#1826,#2198,.T.);
#1293=EDGE_CURVE('',#1827,#1828,#2199,.T.);
#1294=EDGE_CURVE('',#1828,#1829,#2200,.T.);
#1295=EDGE_CURVE('',#1830,#1829,#2201,.T.);
#1296=EDGE_CURVE('',#1831,#1830,#2202,.T.);
#1297=EDGE_CURVE('',#1832,#1831,#2203,.T.);
#1298=EDGE_CURVE('',#1832,#1833,#2204,.T.);
#1299=EDGE_CURVE('',#1823,#1833,#2205,.T.);
#1300=EDGE_CURVE('',#1834,#1834,#82,.T.);
#1301=EDGE_CURVE('',#1835,#1835,#83,.T.);
#1302=EDGE_CURVE('',#1836,#1836,#84,.T.);
#1303=EDGE_CURVE('',#1837,#1837,#85,.T.);
#1304=EDGE_CURVE('',#1838,#1839,#86,.T.);
#1305=EDGE_CURVE('',#1838,#1840,#87,.T.);
#1306=EDGE_CURVE('',#1841,#1840,#88,.T.);
#1307=EDGE_CURVE('',#1841,#1842,#89,.T.);
#1308=EDGE_CURVE('',#1843,#1842,#90,.T.);
#1309=EDGE_CURVE('',#1843,#1844,#91,.T.);
#1310=EDGE_CURVE('',#1821,#1844,#92,.T.);
#1311=EDGE_CURVE('',#1820,#1845,#2206,.T.);
#1312=EDGE_CURVE('',#1845,#1839,#2207,.T.);
#1313=EDGE_CURVE('',#1846,#1847,#2208,.T.);
#1314=EDGE_CURVE('',#1846,#1848,#2209,.T.);
#1315=EDGE_CURVE('',#1849,#1848,#2210,.T.);
#1316=EDGE_CURVE('',#1850,#1849,#2211,.T.);
#1317=EDGE_CURVE('',#1851,#1850,#2212,.T.);
#1318=EDGE_CURVE('',#1852,#1851,#2213,.T.);
#1319=EDGE_CURVE('',#1847,#1852,#2214,.T.);
#1320=EDGE_CURVE('',#1853,#1854,#2215,.T.);
#1321=EDGE_CURVE('',#1855,#1853,#2216,.T.);
#1322=EDGE_CURVE('',#1856,#1855,#2217,.T.);
#1323=EDGE_CURVE('',#1856,#1857,#2218,.T.);
#1324=EDGE_CURVE('',#1857,#1858,#2219,.T.);
#1325=EDGE_CURVE('',#1859,#1858,#2220,.T.);
#1326=EDGE_CURVE('',#1854,#1859,#2221,.T.);
#1327=EDGE_CURVE('',#1860,#1861,#2222,.T.);
#1328=EDGE_CURVE('',#1862,#1860,#2223,.T.);
#1329=EDGE_CURVE('',#1863,#1862,#2224,.T.);
#1330=EDGE_CURVE('',#1863,#1864,#2225,.T.);
#1331=EDGE_CURVE('',#1864,#1865,#2226,.T.);
#1332=EDGE_CURVE('',#1866,#1865,#2227,.T.);
#1333=EDGE_CURVE('',#1861,#1866,#2228,.T.);
#1334=EDGE_CURVE('',#1867,#1868,#2229,.T.);
#1335=EDGE_CURVE('',#1868,#1869,#2230,.T.);
#1336=EDGE_CURVE('',#1870,#1869,#2231,.T.);
#1337=EDGE_CURVE('',#1871,#1870,#2232,.T.);
#1338=EDGE_CURVE('',#1872,#1871,#2233,.F.);
#1339=EDGE_CURVE('',#1873,#1872,#2234,.T.);
#1340=EDGE_CURVE('',#1874,#1873,#2235,.T.);
#1341=EDGE_CURVE('',#1867,#1874,#2236,.T.);
#1342=EDGE_CURVE('',#1869,#1875,#2237,.T.);
#1343=EDGE_CURVE('',#1876,#1875,#2238,.T.);
#1344=EDGE_CURVE('',#1876,#1877,#2239,.T.);
#1345=EDGE_CURVE('',#1877,#1878,#2240,.T.);
#1346=EDGE_CURVE('',#1878,#1879,#2241,.T.);
#1347=EDGE_CURVE('',#1879,#1880,#2242,.F.);
#1348=EDGE_CURVE('',#1880,#1870,#2243,.T.);
#1349=EDGE_CURVE('',#1881,#1882,#2244,.T.);
#1350=EDGE_CURVE('',#1883,#1882,#2245,.T.);
#1351=EDGE_CURVE('',#1883,#1884,#2246,.T.);
#1352=EDGE_CURVE('',#1884,#1885,#2247,.T.);
#1353=EDGE_CURVE('',#1885,#1886,#2248,.T.);
#1354=EDGE_CURVE('',#1886,#1887,#2249,.F.);
#1355=EDGE_CURVE('',#1887,#1888,#2250,.T.);
#1356=EDGE_CURVE('',#1888,#1881,#2251,.T.);
#1357=EDGE_CURVE('',#1889,#1890,#2252,.T.);
#1358=EDGE_CURVE('',#1890,#1881,#2253,.T.);
#1359=EDGE_CURVE('',#1891,#1888,#2254,.T.);
#1360=EDGE_CURVE('',#1892,#1891,#2255,.F.);
#1361=EDGE_CURVE('',#1893,#1892,#2256,.T.);
#1362=EDGE_CURVE('',#1894,#1893,#2257,.T.);
#1363=EDGE_CURVE('',#1889,#1894,#2258,.T.);
#1364=EDGE_CURVE('',#1895,#1896,#2259,.T.);
#1365=EDGE_CURVE('',#1896,#1897,#2260,.T.);
#1366=EDGE_CURVE('',#1898,#1897,#2261,.T.);
#1367=EDGE_CURVE('',#1899,#1898,#2262,.T.);
#1368=EDGE_CURVE('',#1900,#1899,#2263,.F.);
#1369=EDGE_CURVE('',#1901,#1900,#2264,.T.);
#1370=EDGE_CURVE('',#1902,#1901,#2265,.T.);
#1371=EDGE_CURVE('',#1895,#1902,#2266,.T.);
#1372=EDGE_CURVE('',#1897,#1903,#2267,.T.);
#1373=EDGE_CURVE('',#1904,#1903,#2268,.T.);
#1374=EDGE_CURVE('',#1904,#1905,#2269,.T.);
#1375=EDGE_CURVE('',#1905,#1906,#2270,.T.);
#1376=EDGE_CURVE('',#1906,#1907,#2271,.T.);
#1377=EDGE_CURVE('',#1907,#1908,#2272,.F.);
#1378=EDGE_CURVE('',#1908,#1898,#2273,.T.);
#1379=EDGE_CURVE('',#1909,#1910,#2274,.T.);
#1380=EDGE_CURVE('',#1911,#1910,#2275,.T.);
#1381=EDGE_CURVE('',#1911,#1912,#2276,.T.);
#1382=EDGE_CURVE('',#1912,#1913,#2277,.T.);
#1383=EDGE_CURVE('',#1913,#1914,#2278,.T.);
#1384=EDGE_CURVE('',#1914,#1915,#2279,.F.);
#1385=EDGE_CURVE('',#1915,#1916,#2280,.T.);
#1386=EDGE_CURVE('',#1916,#1909,#2281,.T.);
#1387=EDGE_CURVE('',#1917,#1918,#2282,.T.);
#1388=EDGE_CURVE('',#1918,#1909,#2283,.T.);
#1389=EDGE_CURVE('',#1919,#1916,#2284,.T.);
#1390=EDGE_CURVE('',#1920,#1919,#2285,.F.);
#1391=EDGE_CURVE('',#1921,#1920,#2286,.T.);
#1392=EDGE_CURVE('',#1922,#1921,#2287,.T.);
#1393=EDGE_CURVE('',#1917,#1922,#2288,.T.);
#1394=EDGE_CURVE('',#1923,#1924,#2289,.T.);
#1395=EDGE_CURVE('',#1925,#1923,#2290,.T.);
#1396=EDGE_CURVE('',#1926,#1925,#2291,.T.);
#1397=EDGE_CURVE('',#1927,#1926,#2292,.F.);
#1398=EDGE_CURVE('',#1928,#1927,#2293,.T.);
#1399=EDGE_CURVE('',#1929,#1928,#2294,.T.);
#1400=EDGE_CURVE('',#1930,#1929,#2295,.T.);
#1401=EDGE_CURVE('',#1930,#1924,#2296,.T.);
#1402=EDGE_CURVE('',#1923,#1931,#2297,.T.);
#1403=EDGE_CURVE('',#1932,#1931,#2298,.T.);
#1404=EDGE_CURVE('',#1932,#1933,#2299,.T.);
#1405=EDGE_CURVE('',#1933,#1934,#2300,.T.);
#1406=EDGE_CURVE('',#1934,#1935,#2301,.T.);
#1407=EDGE_CURVE('',#1935,#1936,#2302,.F.);
#1408=EDGE_CURVE('',#1936,#1925,#2303,.T.);
#1409=EDGE_CURVE('',#1937,#1938,#2304,.T.);
#1410=EDGE_CURVE('',#1938,#1939,#2305,.T.);
#1411=EDGE_CURVE('',#1940,#1939,#2306,.T.);
#1412=EDGE_CURVE('',#1940,#1941,#2307,.T.);
#1413=EDGE_CURVE('',#1941,#1942,#2308,.T.);
#1414=EDGE_CURVE('',#1942,#1943,#2309,.T.);
#1415=EDGE_CURVE('',#1943,#1944,#2310,.F.);
#1416=EDGE_CURVE('',#1944,#1937,#2311,.T.);
#1417=EDGE_CURVE('',#1938,#1945,#2312,.T.);
#1418=EDGE_CURVE('',#1946,#1937,#2313,.T.);
#1419=EDGE_CURVE('',#1947,#1946,#2314,.F.);
#1420=EDGE_CURVE('',#1948,#1947,#2315,.T.);
#1421=EDGE_CURVE('',#1949,#1948,#2316,.T.);
#1422=EDGE_CURVE('',#1950,#1949,#2317,.T.);
#1423=EDGE_CURVE('',#1950,#1945,#2318,.T.);
#1424=EDGE_CURVE('',#1951,#1952,#2319,.T.);
#1425=EDGE_CURVE('',#1953,#1951,#2320,.T.);
#1426=EDGE_CURVE('',#1954,#1953,#2321,.T.);
#1427=EDGE_CURVE('',#1955,#1954,#2322,.F.);
#1428=EDGE_CURVE('',#1956,#1955,#2323,.T.);
#1429=EDGE_CURVE('',#1957,#1956,#2324,.T.);
#1430=EDGE_CURVE('',#1958,#1957,#2325,.T.);
#1431=EDGE_CURVE('',#1958,#1952,#2326,.T.);
#1432=EDGE_CURVE('',#1951,#1959,#2327,.T.);
#1433=EDGE_CURVE('',#1960,#1959,#2328,.T.);
#1434=EDGE_CURVE('',#1960,#1961,#2329,.T.);
#1435=EDGE_CURVE('',#1961,#1962,#2330,.T.);
#1436=EDGE_CURVE('',#1962,#1963,#2331,.T.);
#1437=EDGE_CURVE('',#1963,#1964,#2332,.F.);
#1438=EDGE_CURVE('',#1964,#1953,#2333,.T.);
#1439=EDGE_CURVE('',#1965,#1966,#2334,.T.);
#1440=EDGE_CURVE('',#1966,#1967,#2335,.T.);
#1441=EDGE_CURVE('',#1968,#1967,#2336,.T.);
#1442=EDGE_CURVE('',#1968,#1969,#2337,.T.);
#1443=EDGE_CURVE('',#1969,#1970,#2338,.T.);
#1444=EDGE_CURVE('',#1970,#1971,#2339,.T.);
#1445=EDGE_CURVE('',#1971,#1972,#2340,.F.);
#1446=EDGE_CURVE('',#1972,#1965,#2341,.T.);
#1447=EDGE_CURVE('',#1966,#1973,#2342,.T.);
#1448=EDGE_CURVE('',#1974,#1965,#2343,.T.);
#1449=EDGE_CURVE('',#1975,#1974,#2344,.F.);
#1450=EDGE_CURVE('',#1976,#1975,#2345,.T.);
#1451=EDGE_CURVE('',#1977,#1976,#2346,.T.);
#1452=EDGE_CURVE('',#1978,#1977,#2347,.T.);
#1453=EDGE_CURVE('',#1978,#1973,#2348,.T.);
#1454=EDGE_CURVE('',#1979,#1980,#2349,.T.);
#1455=EDGE_CURVE('',#1980,#1981,#2350,.T.);
#1456=EDGE_CURVE('',#1982,#1981,#2351,.T.);
#1457=EDGE_CURVE('',#1982,#1983,#2352,.T.);
#1458=EDGE_CURVE('',#1983,#1984,#2353,.T.);
#1459=EDGE_CURVE('',#1984,#1985,#2354,.T.);
#1460=EDGE_CURVE('',#1985,#1986,#2355,.F.);
#1461=EDGE_CURVE('',#1986,#1979,#2356,.T.);
#1462=EDGE_CURVE('',#1980,#1987,#2357,.T.);
#1463=EDGE_CURVE('',#1988,#1979,#2358,.T.);
#1464=EDGE_CURVE('',#1989,#1988,#2359,.F.);
#1465=EDGE_CURVE('',#1990,#1989,#2360,.T.);
#1466=EDGE_CURVE('',#1991,#1990,#2361,.T.);
#1467=EDGE_CURVE('',#1992,#1991,#2362,.T.);
#1468=EDGE_CURVE('',#1992,#1987,#2363,.T.);
#1469=EDGE_CURVE('',#1993,#1994,#2364,.T.);
#1470=EDGE_CURVE('',#1995,#1993,#2365,.T.);
#1471=EDGE_CURVE('',#1996,#1995,#2366,.T.);
#1472=EDGE_CURVE('',#1997,#1996,#2367,.F.);
#1473=EDGE_CURVE('',#1998,#1997,#2368,.T.);
#1474=EDGE_CURVE('',#1999,#1998,#2369,.T.);
#1475=EDGE_CURVE('',#2000,#1999,#2370,.T.);
#1476=EDGE_CURVE('',#2000,#1994,#2371,.T.);
#1477=EDGE_CURVE('',#1993,#2001,#2372,.T.);
#1478=EDGE_CURVE('',#2002,#2001,#2373,.T.);
#1479=EDGE_CURVE('',#2002,#2003,#2374,.T.);
#1480=EDGE_CURVE('',#2003,#2004,#2375,.T.);
#1481=EDGE_CURVE('',#2004,#2005,#2376,.T.);
#1482=EDGE_CURVE('',#2005,#2006,#2377,.F.);
#1483=EDGE_CURVE('',#2006,#1995,#2378,.T.);
#1484=EDGE_CURVE('',#2007,#2008,#2379,.T.);
#1485=EDGE_CURVE('',#2009,#2007,#2380,.T.);
#1486=EDGE_CURVE('',#2010,#2009,#2381,.T.);
#1487=EDGE_CURVE('',#2011,#2010,#2382,.F.);
#1488=EDGE_CURVE('',#2012,#2011,#2383,.T.);
#1489=EDGE_CURVE('',#2013,#2012,#2384,.T.);
#1490=EDGE_CURVE('',#2014,#2013,#2385,.T.);
#1491=EDGE_CURVE('',#2014,#2008,#2386,.T.);
#1492=EDGE_CURVE('',#2007,#2015,#2387,.T.);
#1493=EDGE_CURVE('',#2016,#2015,#2388,.T.);
#1494=EDGE_CURVE('',#2016,#2017,#2389,.T.);
#1495=EDGE_CURVE('',#2017,#2018,#2390,.T.);
#1496=EDGE_CURVE('',#2018,#2019,#2391,.T.);
#1497=EDGE_CURVE('',#2019,#2020,#2392,.F.);
#1498=EDGE_CURVE('',#2020,#2009,#2393,.T.);
#1499=EDGE_CURVE('',#2021,#2022,#2394,.T.);
#1500=EDGE_CURVE('',#2022,#2023,#2395,.T.);
#1501=EDGE_CURVE('',#2024,#2023,#2396,.T.);
#1502=EDGE_CURVE('',#2024,#2025,#2397,.T.);
#1503=EDGE_CURVE('',#2025,#2026,#2398,.T.);
#1504=EDGE_CURVE('',#2026,#2027,#2399,.T.);
#1505=EDGE_CURVE('',#2027,#2028,#2400,.F.);
#1506=EDGE_CURVE('',#2028,#2021,#2401,.T.);
#1507=EDGE_CURVE('',#2022,#2029,#2402,.T.);
#1508=EDGE_CURVE('',#2030,#2021,#2403,.T.);
#1509=EDGE_CURVE('',#2031,#2030,#2404,.F.);
#1510=EDGE_CURVE('',#2032,#2031,#2405,.T.);
#1511=EDGE_CURVE('',#2033,#2032,#2406,.T.);
#1512=EDGE_CURVE('',#2034,#2033,#2407,.T.);
#1513=EDGE_CURVE('',#2034,#2029,#2408,.T.);
#1514=EDGE_CURVE('',#2001,#2029,#2409,.T.);
#1515=EDGE_CURVE('',#2034,#2002,#2410,.T.);
#1516=EDGE_CURVE('',#2008,#2023,#2411,.T.);
#1517=EDGE_CURVE('',#2024,#2014,#2412,.T.);
#1518=EDGE_CURVE('',#1987,#2015,#2413,.T.);
#1519=EDGE_CURVE('',#2016,#1992,#2414,.T.);
#1520=EDGE_CURVE('',#1981,#1994,#2415,.T.);
#1521=EDGE_CURVE('',#2000,#1982,#2416,.T.);
#1522=EDGE_CURVE('',#1931,#1973,#2417,.T.);
#1523=EDGE_CURVE('',#1978,#1932,#2418,.T.);
#1524=EDGE_CURVE('',#1952,#1967,#2419,.T.);
#1525=EDGE_CURVE('',#1968,#1958,#2420,.T.);
#1526=EDGE_CURVE('',#1945,#1959,#2421,.T.);
#1527=EDGE_CURVE('',#1960,#1950,#2422,.T.);
#1528=EDGE_CURVE('',#1939,#1924,#2423,.T.);
#1529=EDGE_CURVE('',#1930,#1940,#2424,.T.);
#1530=EDGE_CURVE('',#1875,#1918,#2425,.T.);
#1531=EDGE_CURVE('',#1917,#1876,#2426,.T.);
#1532=EDGE_CURVE('',#1896,#1910,#2427,.T.);
#1533=EDGE_CURVE('',#1911,#1895,#2428,.T.);
#1534=EDGE_CURVE('',#1890,#1903,#2429,.T.);
#1535=EDGE_CURVE('',#1904,#1889,#2430,.T.);
#1536=EDGE_CURVE('',#1882,#1868,#2431,.T.);
#1537=EDGE_CURVE('',#1867,#1883,#2432,.T.);
#1538=EDGE_CURVE('',#2035,#2036,#2433,.T.);
#1539=EDGE_CURVE('',#2037,#2035,#2434,.T.);
#1540=EDGE_CURVE('',#2038,#2037,#2435,.T.);
#1541=EDGE_CURVE('',#2036,#2038,#2436,.T.);
#1542=EDGE_CURVE('',#2039,#2040,#2437,.T.);
#1543=EDGE_CURVE('',#2039,#2041,#2438,.T.);
#1544=EDGE_CURVE('',#2042,#2041,#2439,.T.);
#1545=EDGE_CURVE('',#2042,#2040,#2440,.T.);
#1546=EDGE_CURVE('',#2043,#2044,#2441,.T.);
#1547=EDGE_CURVE('',#2043,#2045,#2442,.T.);
#1548=EDGE_CURVE('',#2045,#2046,#2443,.T.);
#1549=EDGE_CURVE('',#2046,#2044,#2444,.T.);
#1550=EDGE_CURVE('',#2047,#2048,#2445,.T.);
#1551=EDGE_CURVE('',#2047,#2049,#2446,.T.);
#1552=EDGE_CURVE('',#2050,#2049,#2447,.T.);
#1553=EDGE_CURVE('',#2048,#2050,#2448,.T.);
#1554=EDGE_CURVE('',#2047,#2051,#2449,.T.);
#1555=EDGE_CURVE('',#2051,#2052,#2450,.T.);
#1556=EDGE_CURVE('',#2052,#2053,#2451,.T.);
#1557=EDGE_CURVE('',#2053,#2054,#2452,.F.);
#1558=EDGE_CURVE('',#2049,#2054,#2453,.T.);
#1559=EDGE_CURVE('',#2036,#2051,#2454,.T.);
#1560=EDGE_CURVE('',#2038,#2055,#2455,.T.);
#1561=EDGE_CURVE('',#2056,#2055,#2456,.F.);
#1562=EDGE_CURVE('',#2052,#2056,#2457,.T.);
#1563=EDGE_CURVE('',#2057,#2057,#93,.F.);
#1564=EDGE_CURVE('',#2058,#2058,#94,.F.);
#1565=EDGE_CURVE('',#2048,#2059,#2458,.T.);
#1566=EDGE_CURVE('',#2050,#2060,#2459,.T.);
#1567=EDGE_CURVE('',#2061,#2060,#2460,.F.);
#1568=EDGE_CURVE('',#2062,#2061,#2461,.T.);
#1569=EDGE_CURVE('',#2059,#2062,#2462,.T.);
#1570=EDGE_CURVE('',#2045,#2059,#2463,.T.);
#1571=EDGE_CURVE('',#2062,#2063,#2464,.T.);
#1572=EDGE_CURVE('',#2063,#2064,#2465,.F.);
#1573=EDGE_CURVE('',#2046,#2064,#2466,.T.);
#1574=EDGE_CURVE('',#2065,#2065,#95,.F.);
#1575=EDGE_CURVE('',#2066,#2066,#96,.F.);
#1576=EDGE_CURVE('',#2067,#2068,#2467,.T.);
#1577=EDGE_CURVE('',#2067,#2069,#2468,.T.);
#1578=EDGE_CURVE('',#2070,#2069,#2469,.T.);
#1579=EDGE_CURVE('',#2071,#2070,#2470,.T.);
#1580=EDGE_CURVE('',#2071,#2072,#2471,.T.);
#1581=EDGE_CURVE('',#2068,#2072,#2472,.T.);
#1582=EDGE_CURVE('',#2043,#2067,#2473,.T.);
#1583=EDGE_CURVE('',#2044,#2073,#2474,.T.);
#1584=EDGE_CURVE('',#2074,#2073,#2475,.F.);
#1585=EDGE_CURVE('',#2069,#2074,#2476,.T.);
#1586=EDGE_CURVE('',#2075,#2075,#97,.F.);
#1587=EDGE_CURVE('',#2076,#2076,#98,.F.);
#1588=EDGE_CURVE('',#2077,#2078,#2477,.T.);
#1589=EDGE_CURVE('',#2077,#2079,#2478,.T.);
#1590=EDGE_CURVE('',#2079,#2080,#2479,.T.);
#1591=EDGE_CURVE('',#2081,#2080,#2480,.F.);
#1592=EDGE_CURVE('',#2082,#2081,#2481,.T.);
#1593=EDGE_CURVE('',#2078,#2082,#2482,.T.);
#1594=EDGE_CURVE('',#2039,#2078,#2483,.T.);
#1595=EDGE_CURVE('',#2082,#2083,#2484,.T.);
#1596=EDGE_CURVE('',#2083,#2084,#2485,.F.);
#1597=EDGE_CURVE('',#2041,#2084,#2486,.T.);
#1598=EDGE_CURVE('',#2085,#2085,#99,.F.);
#1599=EDGE_CURVE('',#2086,#2086,#100,.F.);
#1600=EDGE_CURVE('',#2077,#2068,#2487,.T.);
#1601=EDGE_CURVE('',#2072,#2079,#2488,.T.);
#1602=EDGE_CURVE('',#1863,#2087,#2489,.T.);
#1603=EDGE_CURVE('',#2088,#1862,#2490,.T.);
#1604=EDGE_CURVE('',#2087,#2088,#2491,.T.);
#1605=EDGE_CURVE('',#2089,#1860,#2492,.T.);
#1606=EDGE_CURVE('',#2088,#2089,#2493,.T.);
#1607=EDGE_CURVE('',#1856,#2090,#2494,.T.);
#1608=EDGE_CURVE('',#2091,#1855,#2495,.T.);
#1609=EDGE_CURVE('',#2090,#2091,#2496,.T.);
#1610=EDGE_CURVE('',#2092,#1853,#2497,.T.);
#1611=EDGE_CURVE('',#2091,#2092,#2498,.T.);
#1612=EDGE_CURVE('',#1999,#2003,#101,.T.);
#1613=EDGE_CURVE('',#2033,#2025,#102,.T.);
#1614=EDGE_CURVE('',#2013,#2017,#103,.T.);
#1615=EDGE_CURVE('',#1991,#1983,#104,.T.);
#1616=EDGE_CURVE('',#1894,#1884,#105,.T.);
#1617=EDGE_CURVE('',#1874,#1877,#106,.T.);
#1618=EDGE_CURVE('',#1922,#1912,#107,.T.);
#1619=EDGE_CURVE('',#1902,#1905,#108,.T.);
#1620=EDGE_CURVE('',#2093,#2093,#109,.T.);
#1621=EDGE_CURVE('',#2094,#2094,#110,.T.);
#1622=EDGE_CURVE('',#2095,#2095,#111,.T.);
#1623=EDGE_CURVE('',#2096,#2096,#112,.T.);
#1624=EDGE_CURVE('',#1977,#1969,#113,.T.);
#1625=EDGE_CURVE('',#1957,#1961,#114,.T.);
#1626=EDGE_CURVE('',#1949,#1941,#115,.T.);
#1627=EDGE_CURVE('',#1929,#1933,#116,.T.);
#1628=EDGE_CURVE('',#2097,#2098,#2499,.T.);
#1629=EDGE_CURVE('',#2098,#2099,#2500,.T.);
#1630=EDGE_CURVE('',#2099,#2100,#2501,.T.);
#1631=EDGE_CURVE('',#2100,#2101,#2502,.T.);
#1632=EDGE_CURVE('',#2101,#2102,#2503,.T.);
#1633=EDGE_CURVE('',#2103,#2102,#2504,.T.);
#1634=EDGE_CURVE('',#2042,#2103,#2505,.T.);
#1635=EDGE_CURVE('',#2084,#2080,#117,.T.);
#1636=EDGE_CURVE('',#2071,#2073,#118,.T.);
#1637=EDGE_CURVE('',#2064,#2060,#119,.T.);
#1638=EDGE_CURVE('',#2054,#2055,#120,.T.);
#1639=EDGE_CURVE('',#2037,#2104,#2506,.T.);
#1640=EDGE_CURVE('',#2105,#2104,#2507,.T.);
#1641=EDGE_CURVE('',#2106,#2105,#2508,.T.);
#1642=EDGE_CURVE('',#2106,#1817,#2509,.T.);
#1643=EDGE_CURVE('',#1816,#2107,#2510,.T.);
#1644=EDGE_CURVE('',#2107,#2097,#2511,.T.);
#1645=EDGE_CURVE('',#2108,#2108,#121,.F.);
#1646=EDGE_CURVE('',#2109,#2109,#122,.F.);
#1647=EDGE_CURVE('',#2110,#2110,#123,.F.);
#1648=EDGE_CURVE('',#2111,#2111,#124,.F.);
#1649=EDGE_CURVE('',#2112,#2112,#125,.F.);
#1650=EDGE_CURVE('',#2113,#2113,#126,.F.);
#1651=EDGE_CURVE('',#2114,#2114,#127,.F.);
#1652=EDGE_CURVE('',#2115,#2115,#128,.F.);
#1653=EDGE_CURVE('',#2116,#2116,#129,.F.);
#1654=EDGE_CURVE('',#2117,#2117,#130,.F.);
#1655=EDGE_CURVE('',#2118,#2118,#131,.F.);
#1656=EDGE_CURVE('',#2119,#2119,#132,.F.);
#1657=EDGE_CURVE('',#2120,#2120,#133,.F.);
#1658=EDGE_CURVE('',#2121,#2121,#134,.F.);
#1659=EDGE_CURVE('',#2122,#2122,#135,.F.);
#1660=EDGE_CURVE('',#2123,#2123,#136,.F.);
#1661=EDGE_CURVE('',#2124,#2124,#137,.F.);
#1662=EDGE_CURVE('',#2125,#2125,#138,.F.);
#1663=EDGE_CURVE('',#2126,#2126,#139,.F.);
#1664=EDGE_CURVE('',#2127,#2127,#140,.F.);
#1665=EDGE_CURVE('',#2128,#2128,#141,.F.);
#1666=EDGE_CURVE('',#2129,#2129,#142,.F.);
#1667=EDGE_CURVE('',#2130,#2130,#143,.F.);
#1668=EDGE_CURVE('',#2131,#2131,#144,.F.);
#1669=EDGE_CURVE('',#1972,#1974,#145,.T.);
#1670=EDGE_CURVE('',#2006,#1996,#146,.T.);
#1671=EDGE_CURVE('',#2028,#2030,#147,.T.);
#1672=EDGE_CURVE('',#2020,#2010,#148,.T.);
#1673=EDGE_CURVE('',#1986,#1988,#149,.T.);
#1674=EDGE_CURVE('',#1887,#1891,#150,.T.);
#1675=EDGE_CURVE('',#1908,#1899,#151,.T.);
#1676=EDGE_CURVE('',#1915,#1919,#152,.T.);
#1677=EDGE_CURVE('',#1936,#1926,#153,.T.);
#1678=EDGE_CURVE('',#1944,#1946,#154,.T.);
#1679=EDGE_CURVE('',#1964,#1954,#155,.T.);
#1680=EDGE_CURVE('',#1880,#1871,#156,.T.);
#1681=EDGE_CURVE('',#2103,#1824,#2512,.T.);
#1682=EDGE_CURVE('',#1825,#2102,#2513,.T.);
#1683=EDGE_CURVE('',#2132,#2133,#157,.F.);
#1684=EDGE_CURVE('',#2134,#2132,#2514,.T.);
#1685=EDGE_CURVE('',#2135,#2134,#158,.F.);
#1686=EDGE_CURVE('',#1841,#2135,#2515,.T.);
#1687=EDGE_CURVE('',#2136,#1840,#2516,.F.);
#1688=EDGE_CURVE('',#2137,#2136,#159,.F.);
#1689=EDGE_CURVE('',#2133,#2137,#2517,.F.);
#1690=EDGE_CURVE('',#1839,#2138,#2518,.T.);
#1691=EDGE_CURVE('',#2139,#2138,#160,.F.);
#1692=EDGE_CURVE('',#2140,#2139,#2519,.T.);
#1693=EDGE_CURVE('',#2141,#2140,#161,.F.);
#1694=EDGE_CURVE('',#1838,#2141,#2520,.T.);
#1695=EDGE_CURVE('',#2142,#2143,#162,.F.);
#1696=EDGE_CURVE('',#2144,#2142,#2521,.T.);
#1697=EDGE_CURVE('',#2145,#2144,#163,.F.);
#1698=EDGE_CURVE('',#1843,#2145,#2522,.T.);
#1699=EDGE_CURVE('',#2146,#1842,#2523,.F.);
#1700=EDGE_CURVE('',#2147,#2146,#164,.F.);
#1701=EDGE_CURVE('',#2143,#2147,#2524,.F.);
#1702=EDGE_CURVE('',#1814,#2148,#165,.F.);
#1703=EDGE_CURVE('',#2149,#1844,#2525,.F.);
#1704=EDGE_CURVE('',#2150,#2149,#166,.F.);
#1705=EDGE_CURVE('',#2148,#2150,#2526,.F.);
#1706=EDGE_CURVE('',#2151,#2099,#2527,.T.);
#1707=EDGE_CURVE('',#2151,#2138,#2528,.T.);
#1708=EDGE_CURVE('',#1845,#2152,#2529,.T.);
#1709=EDGE_CURVE('',#2152,#2153,#2530,.T.);
#1710=EDGE_CURVE('',#2153,#2100,#2531,.T.);
#1711=EDGE_CURVE('',#2142,#2148,#167,.T.);
#1712=EDGE_CURVE('',#2144,#2150,#168,.T.);
#1713=EDGE_CURVE('',#2132,#2143,#169,.T.);
#1714=EDGE_CURVE('',#2134,#2147,#170,.T.);
#1715=EDGE_CURVE('',#2139,#2133,#171,.T.);
#1716=EDGE_CURVE('',#2140,#2137,#172,.T.);
#1717=EDGE_CURVE('',#1818,#2153,#2532,.T.);
#1718=EDGE_CURVE('',#1827,#2106,#2533,.T.);
#1719=EDGE_CURVE('',#1826,#2101,#2534,.T.);
#1720=EDGE_CURVE('',#1828,#2105,#2535,.T.);
#1721=EDGE_CURVE('',#2104,#1829,#2536,.T.);
#1722=EDGE_CURVE('',#2152,#1819,#2537,.T.);
#1723=EDGE_CURVE('',#2154,#2154,#173,.T.);
#1724=EDGE_CURVE('',#2155,#2155,#174,.T.);
#1725=EDGE_CURVE('',#2156,#2156,#175,.T.);
#1726=EDGE_CURVE('',#2157,#2157,#176,.T.);
#1727=EDGE_CURVE('',#2158,#2158,#177,.T.);
#1728=EDGE_CURVE('',#2159,#2159,#178,.T.);
#1729=EDGE_CURVE('',#2160,#2160,#179,.T.);
#1730=EDGE_CURVE('',#2161,#2161,#180,.T.);
#1731=EDGE_CURVE('',#2145,#2149,#181,.T.);
#1732=EDGE_CURVE('',#2135,#2146,#182,.T.);
#1733=EDGE_CURVE('',#2141,#2136,#183,.T.);
#1734=EDGE_CURVE('',#2162,#2151,#2538,.T.);
#1735=EDGE_CURVE('',#2163,#2162,#2539,.T.);
#1736=EDGE_CURVE('',#2164,#2163,#2540,.T.);
#1737=EDGE_CURVE('',#1815,#2164,#2541,.T.);
#1738=EDGE_CURVE('',#2165,#2035,#2542,.T.);
#1739=EDGE_CURVE('',#2165,#1830,#2543,.T.);
#1740=EDGE_CURVE('',#2166,#1822,#2544,.T.);
#1741=EDGE_CURVE('',#2166,#2040,#2545,.T.);
#1742=EDGE_CURVE('',#2083,#2081,#184,.T.);
#1743=EDGE_CURVE('',#2070,#2074,#185,.T.);
#1744=EDGE_CURVE('',#2063,#2061,#186,.T.);
#1745=EDGE_CURVE('',#2053,#2056,#187,.T.);
#1746=EDGE_CURVE('',#2167,#1831,#2546,.T.);
#1747=EDGE_CURVE('',#2167,#2168,#2547,.T.);
#1748=EDGE_CURVE('',#2168,#1832,#2548,.T.);
#1749=EDGE_CURVE('',#2169,#1823,#2549,.T.);
#1750=EDGE_CURVE('',#2170,#1833,#2550,.T.);
#1751=EDGE_CURVE('',#2169,#2170,#2551,.T.);
#1752=EDGE_CURVE('',#2027,#2031,#188,.T.);
#1753=EDGE_CURVE('',#2032,#2026,#189,.T.);
#1754=EDGE_CURVE('',#2019,#2011,#190,.T.);
#1755=EDGE_CURVE('',#2012,#2018,#191,.T.);
#1756=EDGE_CURVE('',#2005,#1997,#192,.T.);
#1757=EDGE_CURVE('',#1998,#2004,#193,.T.);
#1758=EDGE_CURVE('',#1985,#1989,#194,.T.);
#1759=EDGE_CURVE('',#1990,#1984,#195,.T.);
#1760=EDGE_CURVE('',#1971,#1975,#196,.T.);
#1761=EDGE_CURVE('',#1976,#1970,#197,.T.);
#1762=EDGE_CURVE('',#1963,#1955,#198,.T.);
#1763=EDGE_CURVE('',#1956,#1962,#199,.T.);
#1764=EDGE_CURVE('',#1943,#1947,#200,.T.);
#1765=EDGE_CURVE('',#1948,#1942,#201,.T.);
#1766=EDGE_CURVE('',#1935,#1927,#202,.T.);
#1767=EDGE_CURVE('',#1928,#1934,#203,.T.);
#1768=EDGE_CURVE('',#1914,#1920,#204,.T.);
#1769=EDGE_CURVE('',#1921,#1913,#205,.T.);
#1770=EDGE_CURVE('',#1907,#1900,#206,.T.);
#1771=EDGE_CURVE('',#1901,#1906,#207,.T.);
#1772=EDGE_CURVE('',#1886,#1892,#208,.T.);
#1773=EDGE_CURVE('',#1893,#1885,#209,.T.);
#1774=EDGE_CURVE('',#1879,#1872,#210,.T.);
#1775=EDGE_CURVE('',#1873,#1878,#211,.T.);
#1776=EDGE_CURVE('',#2171,#1861,#2552,.T.);
#1777=EDGE_CURVE('',#2089,#2171,#2553,.T.);
#1778=EDGE_CURVE('',#2172,#1854,#2554,.T.);
#1779=EDGE_CURVE('',#2092,#2172,#2555,.T.);
#1780=EDGE_CURVE('',#2172,#2173,#2556,.T.);
#1781=EDGE_CURVE('',#2173,#2174,#2557,.T.);
#1782=EDGE_CURVE('',#2175,#2174,#2558,.T.);
#1783=EDGE_CURVE('',#2090,#2175,#2559,.T.);
#1784=EDGE_CURVE('',#2174,#1858,#2560,.T.);
#1785=EDGE_CURVE('',#2173,#1859,#2561,.T.);
#1786=EDGE_CURVE('',#2171,#2176,#2562,.T.);
#1787=EDGE_CURVE('',#2176,#2177,#2563,.T.);
#1788=EDGE_CURVE('',#2178,#2177,#2564,.T.);
#1789=EDGE_CURVE('',#2087,#2178,#2565,.T.);
#1790=EDGE_CURVE('',#2177,#1865,#2566,.T.);
#1791=EDGE_CURVE('',#2176,#1866,#2567,.T.);
#1792=EDGE_CURVE('',#2179,#1848,#2568,.T.);
#1793=EDGE_CURVE('',#2180,#2179,#2569,.T.);
#1794=EDGE_CURVE('',#1849,#2180,#2570,.T.);
#1795=EDGE_CURVE('',#2181,#2182,#2571,.T.);
#1796=EDGE_CURVE('',#2181,#1851,#2572,.T.);
#1797=EDGE_CURVE('',#2182,#1850,#2573,.T.);
#1798=EDGE_CURVE('',#2182,#2180,#2574,.T.);
#1799=EDGE_CURVE('',#2183,#2179,#2575,.T.);
#1800=EDGE_CURVE('',#2183,#2184,#2576,.T.);
#1801=EDGE_CURVE('',#2184,#2185,#2577,.T.);
#1802=EDGE_CURVE('',#2185,#2181,#2578,.T.);
#1803=EDGE_CURVE('',#2184,#1847,#2579,.T.);
#1804=EDGE_CURVE('',#2183,#1846,#2580,.T.);
#1805=EDGE_CURVE('',#2185,#1852,#2581,.T.);
#1806=EDGE_CURVE('',#2175,#1857,#2582,.T.);
#1807=EDGE_CURVE('',#2178,#1864,#2583,.T.);
#1808=EDGE_CURVE('',#2166,#2169,#2584,.T.);
#1809=EDGE_CURVE('',#2168,#2170,#2585,.T.);
#1810=EDGE_CURVE('',#2167,#2165,#2586,.T.);
#1811=EDGE_CURVE('',#2162,#2098,#2587,.T.);
#1812=EDGE_CURVE('',#2163,#2097,#2588,.T.);
#1813=EDGE_CURVE('',#2164,#2107,#2589,.T.);
#1814=VERTEX_POINT('',#5258);
#1815=VERTEX_POINT('',#5259);
#1816=VERTEX_POINT('',#5261);
#1817=VERTEX_POINT('',#5263);
#1818=VERTEX_POINT('',#5265);
#1819=VERTEX_POINT('',#5267);
#1820=VERTEX_POINT('',#5269);
#1821=VERTEX_POINT('',#5271);
#1822=VERTEX_POINT('',#5275);
#1823=VERTEX_POINT('',#5276);
#1824=VERTEX_POINT('',#5278);
#1825=VERTEX_POINT('',#5280);
#1826=VERTEX_POINT('',#5282);
#1827=VERTEX_POINT('',#5284);
#1828=VERTEX_POINT('',#5286);
#1829=VERTEX_POINT('',#5288);
#1830=VERTEX_POINT('',#5290);
#1831=VERTEX_POINT('',#5292);
#1832=VERTEX_POINT('',#5294);
#1833=VERTEX_POINT('',#5296);
#1834=VERTEX_POINT('',#5299);
#1835=VERTEX_POINT('',#5301);
#1836=VERTEX_POINT('',#5303);
#1837=VERTEX_POINT('',#5305);
#1838=VERTEX_POINT('',#5307);
#1839=VERTEX_POINT('',#5308);
#1840=VERTEX_POINT('',#5310);
#1841=VERTEX_POINT('',#5312);
#1842=VERTEX_POINT('',#5314);
#1843=VERTEX_POINT('',#5316);
#1844=VERTEX_POINT('',#5318);
#1845=VERTEX_POINT('',#5321);
#1846=VERTEX_POINT('',#5324);
#1847=VERTEX_POINT('',#5325);
#1848=VERTEX_POINT('',#5327);
#1849=VERTEX_POINT('',#5329);
#1850=VERTEX_POINT('',#5331);
#1851=VERTEX_POINT('',#5333);
#1852=VERTEX_POINT('',#5335);
#1853=VERTEX_POINT('',#5338);
#1854=VERTEX_POINT('',#5339);
#1855=VERTEX_POINT('',#5341);
#1856=VERTEX_POINT('',#5343);
#1857=VERTEX_POINT('',#5345);
#1858=VERTEX_POINT('',#5347);
#1859=VERTEX_POINT('',#5349);
#1860=VERTEX_POINT('',#5352);
#1861=VERTEX_POINT('',#5353);
#1862=VERTEX_POINT('',#5355);
#1863=VERTEX_POINT('',#5357);
#1864=VERTEX_POINT('',#5359);
#1865=VERTEX_POINT('',#5361);
#1866=VERTEX_POINT('',#5363);
#1867=VERTEX_POINT('',#5367);
#1868=VERTEX_POINT('',#5368);
#1869=VERTEX_POINT('',#5370);
#1870=VERTEX_POINT('',#5372);
#1871=VERTEX_POINT('',#5374);
#1872=VERTEX_POINT('',#5376);
#1873=VERTEX_POINT('',#5378);
#1874=VERTEX_POINT('',#5380);
#1875=VERTEX_POINT('',#5384);
#1876=VERTEX_POINT('',#5386);
#1877=VERTEX_POINT('',#5388);
#1878=VERTEX_POINT('',#5390);
#1879=VERTEX_POINT('',#5392);
#1880=VERTEX_POINT('',#5394);
#1881=VERTEX_POINT('',#5398);
#1882=VERTEX_POINT('',#5399);
#1883=VERTEX_POINT('',#5401);
#1884=VERTEX_POINT('',#5403);
#1885=VERTEX_POINT('',#5405);
#1886=VERTEX_POINT('',#5407);
#1887=VERTEX_POINT('',#5409);
#1888=VERTEX_POINT('',#5411);
#1889=VERTEX_POINT('',#5415);
#1890=VERTEX_POINT('',#5416);
#1891=VERTEX_POINT('',#5419);
#1892=VERTEX_POINT('',#5421);
#1893=VERTEX_POINT('',#5423);
#1894=VERTEX_POINT('',#5425);
#1895=VERTEX_POINT('',#5429);
#1896=VERTEX_POINT('',#5430);
#1897=VERTEX_POINT('',#5432);
#1898=VERTEX_POINT('',#5434);
#1899=VERTEX_POINT('',#5436);
#1900=VERTEX_POINT('',#5438);
#1901=VERTEX_POINT('',#5440);
#1902=VERTEX_POINT('',#5442);
#1903=VERTEX_POINT('',#5446);
#1904=VERTEX_POINT('',#5448);
#1905=VERTEX_POINT('',#5450);
#1906=VERTEX_POINT('',#5452);
#1907=VERTEX_POINT('',#5454);
#1908=VERTEX_POINT('',#5456);
#1909=VERTEX_POINT('',#5460);
#1910=VERTEX_POINT('',#5461);
#1911=VERTEX_POINT('',#5463);
#1912=VERTEX_POINT('',#5465);
#1913=VERTEX_POINT('',#5467);
#1914=VERTEX_POINT('',#5469);
#1915=VERTEX_POINT('',#5471);
#1916=VERTEX_POINT('',#5473);
#1917=VERTEX_POINT('',#5477);
#1918=VERTEX_POINT('',#5478);
#1919=VERTEX_POINT('',#5481);
#1920=VERTEX_POINT('',#5483);
#1921=VERTEX_POINT('',#5485);
#1922=VERTEX_POINT('',#5487);
#1923=VERTEX_POINT('',#5491);
#1924=VERTEX_POINT('',#5492);
#1925=VERTEX_POINT('',#5494);
#1926=VERTEX_POINT('',#5496);
#1927=VERTEX_POINT('',#5498);
#1928=VERTEX_POINT('',#5500);
#1929=VERTEX_POINT('',#5502);
#1930=VERTEX_POINT('',#5504);
#1931=VERTEX_POINT('',#5508);
#1932=VERTEX_POINT('',#5510);
#1933=VERTEX_POINT('',#5512);
#1934=VERTEX_POINT('',#5514);
#1935=VERTEX_POINT('',#5516);
#1936=VERTEX_POINT('',#5518);
#1937=VERTEX_POINT('',#5522);
#1938=VERTEX_POINT('',#5523);
#1939=VERTEX_POINT('',#5525);
#1940=VERTEX_POINT('',#5527);
#1941=VERTEX_POINT('',#5529);
#1942=VERTEX_POINT('',#5531);
#1943=VERTEX_POINT('',#5533);
#1944=VERTEX_POINT('',#5535);
#1945=VERTEX_POINT('',#5539);
#1946=VERTEX_POINT('',#5541);
#1947=VERTEX_POINT('',#5543);
#1948=VERTEX_POINT('',#5545);
#1949=VERTEX_POINT('',#5547);
#1950=VERTEX_POINT('',#5549);
#1951=VERTEX_POINT('',#5553);
#1952=VERTEX_POINT('',#5554);
#1953=VERTEX_POINT('',#5556);
#1954=VERTEX_POINT('',#5558);
#1955=VERTEX_POINT('',#5560);
#1956=VERTEX_POINT('',#5562);
#1957=VERTEX_POINT('',#5564);
#1958=VERTEX_POINT('',#5566);
#1959=VERTEX_POINT('',#5570);
#1960=VERTEX_POINT('',#5572);
#1961=VERTEX_POINT('',#5574);
#1962=VERTEX_POINT('',#5576);
#1963=VERTEX_POINT('',#5578);
#1964=VERTEX_POINT('',#5580);
#1965=VERTEX_POINT('',#5584);
#1966=VERTEX_POINT('',#5585);
#1967=VERTEX_POINT('',#5587);
#1968=VERTEX_POINT('',#5589);
#1969=VERTEX_POINT('',#5591);
#1970=VERTEX_POINT('',#5593);
#1971=VERTEX_POINT('',#5595);
#1972=VERTEX_POINT('',#5597);
#1973=VERTEX_POINT('',#5601);
#1974=VERTEX_POINT('',#5603);
#1975=VERTEX_POINT('',#5605);
#1976=VERTEX_POINT('',#5607);
#1977=VERTEX_POINT('',#5609);
#1978=VERTEX_POINT('',#5611);
#1979=VERTEX_POINT('',#5615);
#1980=VERTEX_POINT('',#5616);
#1981=VERTEX_POINT('',#5618);
#1982=VERTEX_POINT('',#5620);
#1983=VERTEX_POINT('',#5622);
#1984=VERTEX_POINT('',#5624);
#1985=VERTEX_POINT('',#5626);
#1986=VERTEX_POINT('',#5628);
#1987=VERTEX_POINT('',#5632);
#1988=VERTEX_POINT('',#5634);
#1989=VERTEX_POINT('',#5636);
#1990=VERTEX_POINT('',#5638);
#1991=VERTEX_POINT('',#5640);
#1992=VERTEX_POINT('',#5642);
#1993=VERTEX_POINT('',#5646);
#1994=VERTEX_POINT('',#5647);
#1995=VERTEX_POINT('',#5649);
#1996=VERTEX_POINT('',#5651);
#1997=VERTEX_POINT('',#5653);
#1998=VERTEX_POINT('',#5655);
#1999=VERTEX_POINT('',#5657);
#2000=VERTEX_POINT('',#5659);
#2001=VERTEX_POINT('',#5663);
#2002=VERTEX_POINT('',#5665);
#2003=VERTEX_POINT('',#5667);
#2004=VERTEX_POINT('',#5669);
#2005=VERTEX_POINT('',#5671);
#2006=VERTEX_POINT('',#5673);
#2007=VERTEX_POINT('',#5677);
#2008=VERTEX_POINT('',#5678);
#2009=VERTEX_POINT('',#5680);
#2010=VERTEX_POINT('',#5682);
#2011=VERTEX_POINT('',#5684);
#2012=VERTEX_POINT('',#5686);
#2013=VERTEX_POINT('',#5688);
#2014=VERTEX_POINT('',#5690);
#2015=VERTEX_POINT('',#5694);
#2016=VERTEX_POINT('',#5696);
#2017=VERTEX_POINT('',#5698);
#2018=VERTEX_POINT('',#5700);
#2019=VERTEX_POINT('',#5702);
#2020=VERTEX_POINT('',#5704);
#2021=VERTEX_POINT('',#5708);
#2022=VERTEX_POINT('',#5709);
#2023=VERTEX_POINT('',#5711);
#2024=VERTEX_POINT('',#5713);
#2025=VERTEX_POINT('',#5715);
#2026=VERTEX_POINT('',#5717);
#2027=VERTEX_POINT('',#5719);
#2028=VERTEX_POINT('',#5721);
#2029=VERTEX_POINT('',#5725);
#2030=VERTEX_POINT('',#5727);
#2031=VERTEX_POINT('',#5729);
#2032=VERTEX_POINT('',#5731);
#2033=VERTEX_POINT('',#5733);
#2034=VERTEX_POINT('',#5735);
#2035=VERTEX_POINT('',#5775);
#2036=VERTEX_POINT('',#5776);
#2037=VERTEX_POINT('',#5778);
#2038=VERTEX_POINT('',#5780);
#2039=VERTEX_POINT('',#5784);
#2040=VERTEX_POINT('',#5785);
#2041=VERTEX_POINT('',#5787);
#2042=VERTEX_POINT('',#5789);
#2043=VERTEX_POINT('',#5793);
#2044=VERTEX_POINT('',#5794);
#2045=VERTEX_POINT('',#5796);
#2046=VERTEX_POINT('',#5798);
#2047=VERTEX_POINT('',#5802);
#2048=VERTEX_POINT('',#5803);
#2049=VERTEX_POINT('',#5805);
#2050=VERTEX_POINT('',#5807);
#2051=VERTEX_POINT('',#5811);
#2052=VERTEX_POINT('',#5813);
#2053=VERTEX_POINT('',#5815);
#2054=VERTEX_POINT('',#5817);
#2055=VERTEX_POINT('',#5822);
#2056=VERTEX_POINT('',#5824);
#2057=VERTEX_POINT('',#5828);
#2058=VERTEX_POINT('',#5830);
#2059=VERTEX_POINT('',#5833);
#2060=VERTEX_POINT('',#5835);
#2061=VERTEX_POINT('',#5837);
#2062=VERTEX_POINT('',#5839);
#2063=VERTEX_POINT('',#5844);
#2064=VERTEX_POINT('',#5846);
#2065=VERTEX_POINT('',#5850);
#2066=VERTEX_POINT('',#5852);
#2067=VERTEX_POINT('',#5855);
#2068=VERTEX_POINT('',#5856);
#2069=VERTEX_POINT('',#5858);
#2070=VERTEX_POINT('',#5860);
#2071=VERTEX_POINT('',#5862);
#2072=VERTEX_POINT('',#5864);
#2073=VERTEX_POINT('',#5869);
#2074=VERTEX_POINT('',#5871);
#2075=VERTEX_POINT('',#5875);
#2076=VERTEX_POINT('',#5877);
#2077=VERTEX_POINT('',#5880);
#2078=VERTEX_POINT('',#5881);
#2079=VERTEX_POINT('',#5883);
#2080=VERTEX_POINT('',#5885);
#2081=VERTEX_POINT('',#5887);
#2082=VERTEX_POINT('',#5889);
#2083=VERTEX_POINT('',#5894);
#2084=VERTEX_POINT('',#5896);
#2085=VERTEX_POINT('',#5900);
#2086=VERTEX_POINT('',#5902);
#2087=VERTEX_POINT('',#5908);
#2088=VERTEX_POINT('',#5910);
#2089=VERTEX_POINT('',#5914);
#2090=VERTEX_POINT('',#5918);
#2091=VERTEX_POINT('',#5920);
#2092=VERTEX_POINT('',#5924);
#2093=VERTEX_POINT('',#5936);
#2094=VERTEX_POINT('',#5938);
#2095=VERTEX_POINT('',#5940);
#2096=VERTEX_POINT('',#5942);
#2097=VERTEX_POINT('',#5948);
#2098=VERTEX_POINT('',#5949);
#2099=VERTEX_POINT('',#5951);
#2100=VERTEX_POINT('',#5953);
#2101=VERTEX_POINT('',#5955);
#2102=VERTEX_POINT('',#5957);
#2103=VERTEX_POINT('',#5959);
#2104=VERTEX_POINT('',#5966);
#2105=VERTEX_POINT('',#5968);
#2106=VERTEX_POINT('',#5970);
#2107=VERTEX_POINT('',#5973);
#2108=VERTEX_POINT('',#5977);
#2109=VERTEX_POINT('',#5979);
#2110=VERTEX_POINT('',#5982);
#2111=VERTEX_POINT('',#5984);
#2112=VERTEX_POINT('',#5987);
#2113=VERTEX_POINT('',#5989);
#2114=VERTEX_POINT('',#5992);
#2115=VERTEX_POINT('',#5994);
#2116=VERTEX_POINT('',#5997);
#2117=VERTEX_POINT('',#5999);
#2118=VERTEX_POINT('',#6002);
#2119=VERTEX_POINT('',#6004);
#2120=VERTEX_POINT('',#6007);
#2121=VERTEX_POINT('',#6009);
#2122=VERTEX_POINT('',#6012);
#2123=VERTEX_POINT('',#6014);
#2124=VERTEX_POINT('',#6017);
#2125=VERTEX_POINT('',#6019);
#2126=VERTEX_POINT('',#6022);
#2127=VERTEX_POINT('',#6024);
#2128=VERTEX_POINT('',#6027);
#2129=VERTEX_POINT('',#6029);
#2130=VERTEX_POINT('',#6032);
#2131=VERTEX_POINT('',#6034);
#2132=VERTEX_POINT('',#6064);
#2133=VERTEX_POINT('',#6065);
#2134=VERTEX_POINT('',#6067);
#2135=VERTEX_POINT('',#6069);
#2136=VERTEX_POINT('',#6072);
#2137=VERTEX_POINT('',#6074);
#2138=VERTEX_POINT('',#6078);
#2139=VERTEX_POINT('',#6080);
#2140=VERTEX_POINT('',#6082);
#2141=VERTEX_POINT('',#6084);
#2142=VERTEX_POINT('',#6088);
#2143=VERTEX_POINT('',#6089);
#2144=VERTEX_POINT('',#6091);
#2145=VERTEX_POINT('',#6093);
#2146=VERTEX_POINT('',#6096);
#2147=VERTEX_POINT('',#6098);
#2148=VERTEX_POINT('',#6102);
#2149=VERTEX_POINT('',#6104);
#2150=VERTEX_POINT('',#6106);
#2151=VERTEX_POINT('',#6110);
#2152=VERTEX_POINT('',#6113);
#2153=VERTEX_POINT('',#6115);
#2154=VERTEX_POINT('',#6139);
#2155=VERTEX_POINT('',#6142);
#2156=VERTEX_POINT('',#6146);
#2157=VERTEX_POINT('',#6149);
#2158=VERTEX_POINT('',#6153);
#2159=VERTEX_POINT('',#6156);
#2160=VERTEX_POINT('',#6160);
#2161=VERTEX_POINT('',#6163);
#2162=VERTEX_POINT('',#6177);
#2163=VERTEX_POINT('',#6179);
#2164=VERTEX_POINT('',#6181);
#2165=VERTEX_POINT('',#6185);
#2166=VERTEX_POINT('',#6189);
#2167=VERTEX_POINT('',#6205);
#2168=VERTEX_POINT('',#6207);
#2169=VERTEX_POINT('',#6211);
#2170=VERTEX_POINT('',#6213);
#2171=VERTEX_POINT('',#6277);
#2172=VERTEX_POINT('',#6281);
#2173=VERTEX_POINT('',#6285);
#2174=VERTEX_POINT('',#6287);
#2175=VERTEX_POINT('',#6289);
#2176=VERTEX_POINT('',#6296);
#2177=VERTEX_POINT('',#6298);
#2178=VERTEX_POINT('',#6300);
#2179=VERTEX_POINT('',#6307);
#2180=VERTEX_POINT('',#6309);
#2181=VERTEX_POINT('',#6313);
#2182=VERTEX_POINT('',#6314);
#2183=VERTEX_POINT('',#6321);
#2184=VERTEX_POINT('',#6323);
#2185=VERTEX_POINT('',#6325);
#2186=LINE('',#5257,#2590);
#2187=LINE('',#5260,#2591);
#2188=LINE('',#5262,#2592);
#2189=LINE('',#5264,#2593);
#2190=LINE('',#5266,#2594);
#2191=LINE('',#5268,#2595);
#2192=LINE('',#5270,#2596);
#2193=LINE('',#5272,#2597);
#2194=LINE('',#5274,#2598);
#2195=LINE('',#5277,#2599);
#2196=LINE('',#5279,#2600);
#2197=LINE('',#5281,#2601);
#2198=LINE('',#5283,#2602);
#2199=LINE('',#5285,#2603);
#2200=LINE('',#5287,#2604);
#2201=LINE('',#5289,#2605);
#2202=LINE('',#5291,#2606);
#2203=LINE('',#5293,#2607);
#2204=LINE('',#5295,#2608);
#2205=LINE('',#5297,#2609);
#2206=LINE('',#5320,#2610);
#2207=LINE('',#5322,#2611);
#2208=LINE('',#5323,#2612);
#2209=LINE('',#5326,#2613);
#2210=LINE('',#5328,#2614);
#2211=LINE('',#5330,#2615);
#2212=LINE('',#5332,#2616);
#2213=LINE('',#5334,#2617);
#2214=LINE('',#5336,#2618);
#2215=LINE('',#5337,#2619);
#2216=LINE('',#5340,#2620);
#2217=LINE('',#5342,#2621);
#2218=LINE('',#5344,#2622);
#2219=LINE('',#5346,#2623);
#2220=LINE('',#5348,#2624);
#2221=LINE('',#5350,#2625);
#2222=LINE('',#5351,#2626);
#2223=LINE('',#5354,#2627);
#2224=LINE('',#5356,#2628);
#2225=LINE('',#5358,#2629);
#2226=LINE('',#5360,#2630);
#2227=LINE('',#5362,#2631);
#2228=LINE('',#5364,#2632);
#2229=LINE('',#5366,#2633);
#2230=LINE('',#5369,#2634);
#2231=LINE('',#5371,#2635);
#2232=LINE('',#5373,#2636);
#2233=LINE('',#5375,#2637);
#2234=LINE('',#5377,#2638);
#2235=LINE('',#5379,#2639);
#2236=LINE('',#5381,#2640);
#2237=LINE('',#5383,#2641);
#2238=LINE('',#5385,#2642);
#2239=LINE('',#5387,#2643);
#2240=LINE('',#5389,#2644);
#2241=LINE('',#5391,#2645);
#2242=LINE('',#5393,#2646);
#2243=LINE('',#5395,#2647);
#2244=LINE('',#5397,#2648);
#2245=LINE('',#5400,#2649);
#2246=LINE('',#5402,#2650);
#2247=LINE('',#5404,#2651);
#2248=LINE('',#5406,#2652);
#2249=LINE('',#5408,#2653);
#2250=LINE('',#5410,#2654);
#2251=LINE('',#5412,#2655);
#2252=LINE('',#5414,#2656);
#2253=LINE('',#5417,#2657);
#2254=LINE('',#5418,#2658);
#2255=LINE('',#5420,#2659);
#2256=LINE('',#5422,#2660);
#2257=LINE('',#5424,#2661);
#2258=LINE('',#5426,#2662);
#2259=LINE('',#5428,#2663);
#2260=LINE('',#5431,#2664);
#2261=LINE('',#5433,#2665);
#2262=LINE('',#5435,#2666);
#2263=LINE('',#5437,#2667);
#2264=LINE('',#5439,#2668);
#2265=LINE('',#5441,#2669);
#2266=LINE('',#5443,#2670);
#2267=LINE('',#5445,#2671);
#2268=LINE('',#5447,#2672);
#2269=LINE('',#5449,#2673);
#2270=LINE('',#5451,#2674);
#2271=LINE('',#5453,#2675);
#2272=LINE('',#5455,#2676);
#2273=LINE('',#5457,#2677);
#2274=LINE('',#5459,#2678);
#2275=LINE('',#5462,#2679);
#2276=LINE('',#5464,#2680);
#2277=LINE('',#5466,#2681);
#2278=LINE('',#5468,#2682);
#2279=LINE('',#5470,#2683);
#2280=LINE('',#5472,#2684);
#2281=LINE('',#5474,#2685);
#2282=LINE('',#5476,#2686);
#2283=LINE('',#5479,#2687);
#2284=LINE('',#5480,#2688);
#2285=LINE('',#5482,#2689);
#2286=LINE('',#5484,#2690);
#2287=LINE('',#5486,#2691);
#2288=LINE('',#5488,#2692);
#2289=LINE('',#5490,#2693);
#2290=LINE('',#5493,#2694);
#2291=LINE('',#5495,#2695);
#2292=LINE('',#5497,#2696);
#2293=LINE('',#5499,#2697);
#2294=LINE('',#5501,#2698);
#2295=LINE('',#5503,#2699);
#2296=LINE('',#5505,#2700);
#2297=LINE('',#5507,#2701);
#2298=LINE('',#5509,#2702);
#2299=LINE('',#5511,#2703);
#2300=LINE('',#5513,#2704);
#2301=LINE('',#5515,#2705);
#2302=LINE('',#5517,#2706);
#2303=LINE('',#5519,#2707);
#2304=LINE('',#5521,#2708);
#2305=LINE('',#5524,#2709);
#2306=LINE('',#5526,#2710);
#2307=LINE('',#5528,#2711);
#2308=LINE('',#5530,#2712);
#2309=LINE('',#5532,#2713);
#2310=LINE('',#5534,#2714);
#2311=LINE('',#5536,#2715);
#2312=LINE('',#5538,#2716);
#2313=LINE('',#5540,#2717);
#2314=LINE('',#5542,#2718);
#2315=LINE('',#5544,#2719);
#2316=LINE('',#5546,#2720);
#2317=LINE('',#5548,#2721);
#2318=LINE('',#5550,#2722);
#2319=LINE('',#5552,#2723);
#2320=LINE('',#5555,#2724);
#2321=LINE('',#5557,#2725);
#2322=LINE('',#5559,#2726);
#2323=LINE('',#5561,#2727);
#2324=LINE('',#5563,#2728);
#2325=LINE('',#5565,#2729);
#2326=LINE('',#5567,#2730);
#2327=LINE('',#5569,#2731);
#2328=LINE('',#5571,#2732);
#2329=LINE('',#5573,#2733);
#2330=LINE('',#5575,#2734);
#2331=LINE('',#5577,#2735);
#2332=LINE('',#5579,#2736);
#2333=LINE('',#5581,#2737);
#2334=LINE('',#5583,#2738);
#2335=LINE('',#5586,#2739);
#2336=LINE('',#5588,#2740);
#2337=LINE('',#5590,#2741);
#2338=LINE('',#5592,#2742);
#2339=LINE('',#5594,#2743);
#2340=LINE('',#5596,#2744);
#2341=LINE('',#5598,#2745);
#2342=LINE('',#5600,#2746);
#2343=LINE('',#5602,#2747);
#2344=LINE('',#5604,#2748);
#2345=LINE('',#5606,#2749);
#2346=LINE('',#5608,#2750);
#2347=LINE('',#5610,#2751);
#2348=LINE('',#5612,#2752);
#2349=LINE('',#5614,#2753);
#2350=LINE('',#5617,#2754);
#2351=LINE('',#5619,#2755);
#2352=LINE('',#5621,#2756);
#2353=LINE('',#5623,#2757);
#2354=LINE('',#5625,#2758);
#2355=LINE('',#5627,#2759);
#2356=LINE('',#5629,#2760);
#2357=LINE('',#5631,#2761);
#2358=LINE('',#5633,#2762);
#2359=LINE('',#5635,#2763);
#2360=LINE('',#5637,#2764);
#2361=LINE('',#5639,#2765);
#2362=LINE('',#5641,#2766);
#2363=LINE('',#5643,#2767);
#2364=LINE('',#5645,#2768);
#2365=LINE('',#5648,#2769);
#2366=LINE('',#5650,#2770);
#2367=LINE('',#5652,#2771);
#2368=LINE('',#5654,#2772);
#2369=LINE('',#5656,#2773);
#2370=LINE('',#5658,#2774);
#2371=LINE('',#5660,#2775);
#2372=LINE('',#5662,#2776);
#2373=LINE('',#5664,#2777);
#2374=LINE('',#5666,#2778);
#2375=LINE('',#5668,#2779);
#2376=LINE('',#5670,#2780);
#2377=LINE('',#5672,#2781);
#2378=LINE('',#5674,#2782);
#2379=LINE('',#5676,#2783);
#2380=LINE('',#5679,#2784);
#2381=LINE('',#5681,#2785);
#2382=LINE('',#5683,#2786);
#2383=LINE('',#5685,#2787);
#2384=LINE('',#5687,#2788);
#2385=LINE('',#5689,#2789);
#2386=LINE('',#5691,#2790);
#2387=LINE('',#5693,#2791);
#2388=LINE('',#5695,#2792);
#2389=LINE('',#5697,#2793);
#2390=LINE('',#5699,#2794);
#2391=LINE('',#5701,#2795);
#2392=LINE('',#5703,#2796);
#2393=LINE('',#5705,#2797);
#2394=LINE('',#5707,#2798);
#2395=LINE('',#5710,#2799);
#2396=LINE('',#5712,#2800);
#2397=LINE('',#5714,#2801);
#2398=LINE('',#5716,#2802);
#2399=LINE('',#5718,#2803);
#2400=LINE('',#5720,#2804);
#2401=LINE('',#5722,#2805);
#2402=LINE('',#5724,#2806);
#2403=LINE('',#5726,#2807);
#2404=LINE('',#5728,#2808);
#2405=LINE('',#5730,#2809);
#2406=LINE('',#5732,#2810);
#2407=LINE('',#5734,#2811);
#2408=LINE('',#5736,#2812);
#2409=LINE('',#5738,#2813);
#2410=LINE('',#5739,#2814);
#2411=LINE('',#5741,#2815);
#2412=LINE('',#5742,#2816);
#2413=LINE('',#5744,#2817);
#2414=LINE('',#5745,#2818);
#2415=LINE('',#5747,#2819);
#2416=LINE('',#5748,#2820);
#2417=LINE('',#5750,#2821);
#2418=LINE('',#5751,#2822);
#2419=LINE('',#5753,#2823);
#2420=LINE('',#5754,#2824);
#2421=LINE('',#5756,#2825);
#2422=LINE('',#5757,#2826);
#2423=LINE('',#5759,#2827);
#2424=LINE('',#5760,#2828);
#2425=LINE('',#5762,#2829);
#2426=LINE('',#5763,#2830);
#2427=LINE('',#5765,#2831);
#2428=LINE('',#5766,#2832);
#2429=LINE('',#5768,#2833);
#2430=LINE('',#5769,#2834);
#2431=LINE('',#5771,#2835);
#2432=LINE('',#5772,#2836);
#2433=LINE('',#5774,#2837);
#2434=LINE('',#5777,#2838);
#2435=LINE('',#5779,#2839);
#2436=LINE('',#5781,#2840);
#2437=LINE('',#5783,#2841);
#2438=LINE('',#5786,#2842);
#2439=LINE('',#5788,#2843);
#2440=LINE('',#5790,#2844);
#2441=LINE('',#5792,#2845);
#2442=LINE('',#5795,#2846);
#2443=LINE('',#5797,#2847);
#2444=LINE('',#5799,#2848);
#2445=LINE('',#5801,#2849);
#2446=LINE('',#5804,#2850);
#2447=LINE('',#5806,#2851);
#2448=LINE('',#5808,#2852);
#2449=LINE('',#5810,#2853);
#2450=LINE('',#5812,#2854);
#2451=LINE('',#5814,#2855);
#2452=LINE('',#5816,#2856);
#2453=LINE('',#5818,#2857);
#2454=LINE('',#5820,#2858);
#2455=LINE('',#5821,#2859);
#2456=LINE('',#5823,#2860);
#2457=LINE('',#5825,#2861);
#2458=LINE('',#5832,#2862);
#2459=LINE('',#5834,#2863);
#2460=LINE('',#5836,#2864);
#2461=LINE('',#5838,#2865);
#2462=LINE('',#5840,#2866);
#2463=LINE('',#5842,#2867);
#2464=LINE('',#5843,#2868);
#2465=LINE('',#5845,#2869);
#2466=LINE('',#5847,#2870);
#2467=LINE('',#5854,#2871);
#2468=LINE('',#5857,#2872);
#2469=LINE('',#5859,#2873);
#2470=LINE('',#5861,#2874);
#2471=LINE('',#5863,#2875);
#2472=LINE('',#5865,#2876);
#2473=LINE('',#5867,#2877);
#2474=LINE('',#5868,#2878);
#2475=LINE('',#5870,#2879);
#2476=LINE('',#5872,#2880);
#2477=LINE('',#5879,#2881);
#2478=LINE('',#5882,#2882);
#2479=LINE('',#5884,#2883);
#2480=LINE('',#5886,#2884);
#2481=LINE('',#5888,#2885);
#2482=LINE('',#5890,#2886);
#2483=LINE('',#5892,#2887);
#2484=LINE('',#5893,#2888);
#2485=LINE('',#5895,#2889);
#2486=LINE('',#5897,#2890);
#2487=LINE('',#5904,#2891);
#2488=LINE('',#5905,#2892);
#2489=LINE('',#5907,#2893);
#2490=LINE('',#5909,#2894);
#2491=LINE('',#5911,#2895);
#2492=LINE('',#5913,#2896);
#2493=LINE('',#5915,#2897);
#2494=LINE('',#5917,#2898);
#2495=LINE('',#5919,#2899);
#2496=LINE('',#5921,#2900);
#2497=LINE('',#5923,#2901);
#2498=LINE('',#5925,#2902);
#2499=LINE('',#5947,#2903);
#2500=LINE('',#5950,#2904);
#2501=LINE('',#5952,#2905);
#2502=LINE('',#5954,#2906);
#2503=LINE('',#5956,#2907);
#2504=LINE('',#5958,#2908);
#2505=LINE('',#5960,#2909);
#2506=LINE('',#5965,#2910);
#2507=LINE('',#5967,#2911);
#2508=LINE('',#5969,#2912);
#2509=LINE('',#5971,#2913);
#2510=LINE('',#5972,#2914);
#2511=LINE('',#5974,#2915);
#2512=LINE('',#6060,#2916);
#2513=LINE('',#6061,#2917);
#2514=LINE('',#6066,#2918);
#2515=LINE('',#6070,#2919);
#2516=LINE('',#6071,#2920);
#2517=LINE('',#6075,#2921);
#2518=LINE('',#6077,#2922);
#2519=LINE('',#6081,#2923);
#2520=LINE('',#6085,#2924);
#2521=LINE('',#6090,#2925);
#2522=LINE('',#6094,#2926);
#2523=LINE('',#6095,#2927);
#2524=LINE('',#6099,#2928);
#2525=LINE('',#6103,#2929);
#2526=LINE('',#6107,#2930);
#2527=LINE('',#6109,#2931);
#2528=LINE('',#6111,#2932);
#2529=LINE('',#6112,#2933);
#2530=LINE('',#6114,#2934);
#2531=LINE('',#6116,#2935);
#2532=LINE('',#6127,#2936);
#2533=LINE('',#6128,#2937);
#2534=LINE('',#6129,#2938);
#2535=LINE('',#6131,#2939);
#2536=LINE('',#6133,#2940);
#2537=LINE('',#6136,#2941);
#2538=LINE('',#6176,#2942);
#2539=LINE('',#6178,#2943);
#2540=LINE('',#6180,#2944);
#2541=LINE('',#6182,#2945);
#2542=LINE('',#6184,#2946);
#2543=LINE('',#6186,#2947);
#2544=LINE('',#6188,#2948);
#2545=LINE('',#6190,#2949);
#2546=LINE('',#6204,#2950);
#2547=LINE('',#6206,#2951);
#2548=LINE('',#6208,#2952);
#2549=LINE('',#6210,#2953);
#2550=LINE('',#6212,#2954);
#2551=LINE('',#6214,#2955);
#2552=LINE('',#6276,#2956);
#2553=LINE('',#6278,#2957);
#2554=LINE('',#6280,#2958);
#2555=LINE('',#6282,#2959);
#2556=LINE('',#6284,#2960);
#2557=LINE('',#6286,#2961);
#2558=LINE('',#6288,#2962);
#2559=LINE('',#6290,#2963);
#2560=LINE('',#6292,#2964);
#2561=LINE('',#6293,#2965);
#2562=LINE('',#6295,#2966);
#2563=LINE('',#6297,#2967);
#2564=LINE('',#6299,#2968);
#2565=LINE('',#6301,#2969);
#2566=LINE('',#6303,#2970);
#2567=LINE('',#6304,#2971);
#2568=LINE('',#6306,#2972);
#2569=LINE('',#6308,#2973);
#2570=LINE('',#6310,#2974);
#2571=LINE('',#6312,#2975);
#2572=LINE('',#6315,#2976);
#2573=LINE('',#6316,#2977);
#2574=LINE('',#6318,#2978);
#2575=LINE('',#6320,#2979);
#2576=LINE('',#6322,#2980);
#2577=LINE('',#6324,#2981);
#2578=LINE('',#6326,#2982);
#2579=LINE('',#6328,#2983);
#2580=LINE('',#6329,#2984);
#2581=LINE('',#6331,#2985);
#2582=LINE('',#6334,#2986);
#2583=LINE('',#6337,#2987);
#2584=LINE('',#6340,#2988);
#2585=LINE('',#6341,#2989);
#2586=LINE('',#6342,#2990);
#2587=LINE('',#6350,#2991);
#2588=LINE('',#6352,#2992);
#2589=LINE('',#6354,#2993);
#2590=VECTOR('',#4205,1.);
#2591=VECTOR('',#4206,1.);
#2592=VECTOR('',#4207,1.);
#2593=VECTOR('',#4208,1.);
#2594=VECTOR('',#4209,1.);
#2595=VECTOR('',#4210,1.);
#2596=VECTOR('',#4211,1.);
#2597=VECTOR('',#4212,1.);
#2598=VECTOR('',#4215,1.);
#2599=VECTOR('',#4216,1.);
#2600=VECTOR('',#4217,1.);
#2601=VECTOR('',#4218,1.);
#2602=VECTOR('',#4219,1.);
#2603=VECTOR('',#4220,1.);
#2604=VECTOR('',#4221,1.);
#2605=VECTOR('',#4222,1.);
#2606=VECTOR('',#4223,1.);
#2607=VECTOR('',#4224,1.);
#2608=VECTOR('',#4225,1.);
#2609=VECTOR('',#4226,1.);
#2610=VECTOR('',#4249,1.);
#2611=VECTOR('',#4250,1.);
#2612=VECTOR('',#4251,1.);
#2613=VECTOR('',#4252,1.);
#2614=VECTOR('',#4253,1.);
#2615=VECTOR('',#4254,1.);
#2616=VECTOR('',#4255,1.);
#2617=VECTOR('',#4256,1.);
#2618=VECTOR('',#4257,1.);
#2619=VECTOR('',#4258,1.);
#2620=VECTOR('',#4259,1.);
#2621=VECTOR('',#4260,1.);
#2622=VECTOR('',#4261,1.);
#2623=VECTOR('',#4262,1.);
#2624=VECTOR('',#4263,1.);
#2625=VECTOR('',#4264,1.);
#2626=VECTOR('',#4265,1.);
#2627=VECTOR('',#4266,1.);
#2628=VECTOR('',#4267,1.);
#2629=VECTOR('',#4268,1.);
#2630=VECTOR('',#4269,1.);
#2631=VECTOR('',#4270,1.);
#2632=VECTOR('',#4271,1.);
#2633=VECTOR('',#4274,1.);
#2634=VECTOR('',#4275,1.);
#2635=VECTOR('',#4276,1.);
#2636=VECTOR('',#4277,1.);
#2637=VECTOR('',#4278,1.);
#2638=VECTOR('',#4279,1.);
#2639=VECTOR('',#4280,1.);
#2640=VECTOR('',#4281,1.);
#2641=VECTOR('',#4284,1.);
#2642=VECTOR('',#4285,1.);
#2643=VECTOR('',#4286,1.);
#2644=VECTOR('',#4287,1.);
#2645=VECTOR('',#4288,1.);
#2646=VECTOR('',#4289,1.);
#2647=VECTOR('',#4290,1.);
#2648=VECTOR('',#4293,1.);
#2649=VECTOR('',#4294,1.);
#2650=VECTOR('',#4295,1.);
#2651=VECTOR('',#4296,1.);
#2652=VECTOR('',#4297,1.);
#2653=VECTOR('',#4298,1.);
#2654=VECTOR('',#4299,1.);
#2655=VECTOR('',#4300,1.);
#2656=VECTOR('',#4303,1.);
#2657=VECTOR('',#4304,1.);
#2658=VECTOR('',#4305,1.);
#2659=VECTOR('',#4306,1.);
#2660=VECTOR('',#4307,1.);
#2661=VECTOR('',#4308,1.);
#2662=VECTOR('',#4309,1.);
#2663=VECTOR('',#4312,1.);
#2664=VECTOR('',#4313,1.);
#2665=VECTOR('',#4314,1.);
#2666=VECTOR('',#4315,1.);
#2667=VECTOR('',#4316,1.);
#2668=VECTOR('',#4317,1.);
#2669=VECTOR('',#4318,1.);
#2670=VECTOR('',#4319,1.);
#2671=VECTOR('',#4322,1.);
#2672=VECTOR('',#4323,1.);
#2673=VECTOR('',#4324,1.);
#2674=VECTOR('',#4325,1.);
#2675=VECTOR('',#4326,1.);
#2676=VECTOR('',#4327,1.);
#2677=VECTOR('',#4328,1.);
#2678=VECTOR('',#4331,1.);
#2679=VECTOR('',#4332,1.);
#2680=VECTOR('',#4333,1.);
#2681=VECTOR('',#4334,1.);
#2682=VECTOR('',#4335,1.);
#2683=VECTOR('',#4336,1.);
#2684=VECTOR('',#4337,1.);
#2685=VECTOR('',#4338,1.);
#2686=VECTOR('',#4341,1.);
#2687=VECTOR('',#4342,1.);
#2688=VECTOR('',#4343,1.);
#2689=VECTOR('',#4344,1.);
#2690=VECTOR('',#4345,1.);
#2691=VECTOR('',#4346,1.);
#2692=VECTOR('',#4347,1.);
#2693=VECTOR('',#4350,1.);
#2694=VECTOR('',#4351,1.);
#2695=VECTOR('',#4352,1.);
#2696=VECTOR('',#4353,1.);
#2697=VECTOR('',#4354,1.);
#2698=VECTOR('',#4355,1.);
#2699=VECTOR('',#4356,1.);
#2700=VECTOR('',#4357,1.);
#2701=VECTOR('',#4360,1.);
#2702=VECTOR('',#4361,1.);
#2703=VECTOR('',#4362,1.);
#2704=VECTOR('',#4363,1.);
#2705=VECTOR('',#4364,1.);
#2706=VECTOR('',#4365,1.);
#2707=VECTOR('',#4366,1.);
#2708=VECTOR('',#4369,1.);
#2709=VECTOR('',#4370,1.);
#2710=VECTOR('',#4371,1.);
#2711=VECTOR('',#4372,1.);
#2712=VECTOR('',#4373,1.);
#2713=VECTOR('',#4374,1.);
#2714=VECTOR('',#4375,1.);
#2715=VECTOR('',#4376,1.);
#2716=VECTOR('',#4379,1.);
#2717=VECTOR('',#4380,1.);
#2718=VECTOR('',#4381,1.);
#2719=VECTOR('',#4382,1.);
#2720=VECTOR('',#4383,1.);
#2721=VECTOR('',#4384,1.);
#2722=VECTOR('',#4385,1.);
#2723=VECTOR('',#4388,1.);
#2724=VECTOR('',#4389,1.);
#2725=VECTOR('',#4390,1.);
#2726=VECTOR('',#4391,1.);
#2727=VECTOR('',#4392,1.);
#2728=VECTOR('',#4393,1.);
#2729=VECTOR('',#4394,1.);
#2730=VECTOR('',#4395,1.);
#2731=VECTOR('',#4398,1.);
#2732=VECTOR('',#4399,1.);
#2733=VECTOR('',#4400,1.);
#2734=VECTOR('',#4401,1.);
#2735=VECTOR('',#4402,1.);
#2736=VECTOR('',#4403,1.);
#2737=VECTOR('',#4404,1.);
#2738=VECTOR('',#4407,1.);
#2739=VECTOR('',#4408,1.);
#2740=VECTOR('',#4409,1.);
#2741=VECTOR('',#4410,1.);
#2742=VECTOR('',#4411,1.);
#2743=VECTOR('',#4412,1.);
#2744=VECTOR('',#4413,1.);
#2745=VECTOR('',#4414,1.);
#2746=VECTOR('',#4417,1.);
#2747=VECTOR('',#4418,1.);
#2748=VECTOR('',#4419,1.);
#2749=VECTOR('',#4420,1.);
#2750=VECTOR('',#4421,1.);
#2751=VECTOR('',#4422,1.);
#2752=VECTOR('',#4423,1.);
#2753=VECTOR('',#4426,1.);
#2754=VECTOR('',#4427,1.);
#2755=VECTOR('',#4428,1.);
#2756=VECTOR('',#4429,1.);
#2757=VECTOR('',#4430,1.);
#2758=VECTOR('',#4431,1.);
#2759=VECTOR('',#4432,1.);
#2760=VECTOR('',#4433,1.);
#2761=VECTOR('',#4436,1.);
#2762=VECTOR('',#4437,1.);
#2763=VECTOR('',#4438,1.);
#2764=VECTOR('',#4439,1.);
#2765=VECTOR('',#4440,1.);
#2766=VECTOR('',#4441,1.);
#2767=VECTOR('',#4442,1.);
#2768=VECTOR('',#4445,1.);
#2769=VECTOR('',#4446,1.);
#2770=VECTOR('',#4447,1.);
#2771=VECTOR('',#4448,1.);
#2772=VECTOR('',#4449,1.);
#2773=VECTOR('',#4450,1.);
#2774=VECTOR('',#4451,1.);
#2775=VECTOR('',#4452,1.);
#2776=VECTOR('',#4455,1.);
#2777=VECTOR('',#4456,1.);
#2778=VECTOR('',#4457,1.);
#2779=VECTOR('',#4458,1.);
#2780=VECTOR('',#4459,1.);
#2781=VECTOR('',#4460,1.);
#2782=VECTOR('',#4461,1.);
#2783=VECTOR('',#4464,1.);
#2784=VECTOR('',#4465,1.);
#2785=VECTOR('',#4466,1.);
#2786=VECTOR('',#4467,1.);
#2787=VECTOR('',#4468,1.);
#2788=VECTOR('',#4469,1.);
#2789=VECTOR('',#4470,1.);
#2790=VECTOR('',#4471,1.);
#2791=VECTOR('',#4474,1.);
#2792=VECTOR('',#4475,1.);
#2793=VECTOR('',#4476,1.);
#2794=VECTOR('',#4477,1.);
#2795=VECTOR('',#4478,1.);
#2796=VECTOR('',#4479,1.);
#2797=VECTOR('',#4480,1.);
#2798=VECTOR('',#4483,1.);
#2799=VECTOR('',#4484,1.);
#2800=VECTOR('',#4485,1.);
#2801=VECTOR('',#4486,1.);
#2802=VECTOR('',#4487,1.);
#2803=VECTOR('',#4488,1.);
#2804=VECTOR('',#4489,1.);
#2805=VECTOR('',#4490,1.);
#2806=VECTOR('',#4493,1.);
#2807=VECTOR('',#4494,1.);
#2808=VECTOR('',#4495,1.);
#2809=VECTOR('',#4496,1.);
#2810=VECTOR('',#4497,1.);
#2811=VECTOR('',#4498,1.);
#2812=VECTOR('',#4499,1.);
#2813=VECTOR('',#4502,1.);
#2814=VECTOR('',#4503,1.);
#2815=VECTOR('',#4506,1.);
#2816=VECTOR('',#4507,1.);
#2817=VECTOR('',#4510,1.);
#2818=VECTOR('',#4511,1.);
#2819=VECTOR('',#4514,1.);
#2820=VECTOR('',#4515,1.);
#2821=VECTOR('',#4518,1.);
#2822=VECTOR('',#4519,1.);
#2823=VECTOR('',#4522,1.);
#2824=VECTOR('',#4523,1.);
#2825=VECTOR('',#4526,1.);
#2826=VECTOR('',#4527,1.);
#2827=VECTOR('',#4530,1.);
#2828=VECTOR('',#4531,1.);
#2829=VECTOR('',#4534,1.);
#2830=VECTOR('',#4535,1.);
#2831=VECTOR('',#4538,1.);
#2832=VECTOR('',#4539,1.);
#2833=VECTOR('',#4542,1.);
#2834=VECTOR('',#4543,1.);
#2835=VECTOR('',#4546,1.);
#2836=VECTOR('',#4547,1.);
#2837=VECTOR('',#4550,1.);
#2838=VECTOR('',#4551,1.);
#2839=VECTOR('',#4552,1.);
#2840=VECTOR('',#4553,1.);
#2841=VECTOR('',#4556,1.);
#2842=VECTOR('',#4557,1.);
#2843=VECTOR('',#4558,1.);
#2844=VECTOR('',#4559,1.);
#2845=VECTOR('',#4562,1.);
#2846=VECTOR('',#4563,1.);
#2847=VECTOR('',#4564,1.);
#2848=VECTOR('',#4565,1.);
#2849=VECTOR('',#4568,1.);
#2850=VECTOR('',#4569,1.);
#2851=VECTOR('',#4570,1.);
#2852=VECTOR('',#4571,1.);
#2853=VECTOR('',#4574,1.);
#2854=VECTOR('',#4575,1.);
#2855=VECTOR('',#4576,1.);
#2856=VECTOR('',#4577,1.);
#2857=VECTOR('',#4578,1.);
#2858=VECTOR('',#4581,1.);
#2859=VECTOR('',#4582,1.);
#2860=VECTOR('',#4583,1.);
#2861=VECTOR('',#4584,1.);
#2862=VECTOR('',#4593,1.);
#2863=VECTOR('',#4594,1.);
#2864=VECTOR('',#4595,1.);
#2865=VECTOR('',#4596,1.);
#2866=VECTOR('',#4597,1.);
#2867=VECTOR('',#4600,1.);
#2868=VECTOR('',#4601,1.);
#2869=VECTOR('',#4602,1.);
#2870=VECTOR('',#4603,1.);
#2871=VECTOR('',#4612,1.);
#2872=VECTOR('',#4613,1.);
#2873=VECTOR('',#4614,1.);
#2874=VECTOR('',#4615,1.);
#2875=VECTOR('',#4616,1.);
#2876=VECTOR('',#4617,1.);
#2877=VECTOR('',#4620,1.);
#2878=VECTOR('',#4621,1.);
#2879=VECTOR('',#4622,1.);
#2880=VECTOR('',#4623,1.);
#2881=VECTOR('',#4632,1.);
#2882=VECTOR('',#4633,1.);
#2883=VECTOR('',#4634,1.);
#2884=VECTOR('',#4635,1.);
#2885=VECTOR('',#4636,1.);
#2886=VECTOR('',#4637,1.);
#2887=VECTOR('',#4640,1.);
#2888=VECTOR('',#4641,1.);
#2889=VECTOR('',#4642,1.);
#2890=VECTOR('',#4643,1.);
#2891=VECTOR('',#4652,1.);
#2892=VECTOR('',#4653,1.);
#2893=VECTOR('',#4656,1.);
#2894=VECTOR('',#4657,1.);
#2895=VECTOR('',#4658,1.);
#2896=VECTOR('',#4661,1.);
#2897=VECTOR('',#4662,1.);
#2898=VECTOR('',#4665,1.);
#2899=VECTOR('',#4666,1.);
#2900=VECTOR('',#4667,1.);
#2901=VECTOR('',#4670,1.);
#2902=VECTOR('',#4671,1.);
#2903=VECTOR('',#4706,1.);
#2904=VECTOR('',#4707,1.);
#2905=VECTOR('',#4708,1.);
#2906=VECTOR('',#4709,1.);
#2907=VECTOR('',#4710,1.);
#2908=VECTOR('',#4711,1.);
#2909=VECTOR('',#4712,1.);
#2910=VECTOR('',#4721,1.);
#2911=VECTOR('',#4722,1.);
#2912=VECTOR('',#4723,1.);
#2913=VECTOR('',#4724,1.);
#2914=VECTOR('',#4725,1.);
#2915=VECTOR('',#4726,1.);
#2916=VECTOR('',#4849,1.);
#2917=VECTOR('',#4850,1.);
#2918=VECTOR('',#4855,1.);
#2919=VECTOR('',#4858,1.);
#2920=VECTOR('',#4859,1.);
#2921=VECTOR('',#4862,1.);
#2922=VECTOR('',#4865,1.);
#2923=VECTOR('',#4868,1.);
#2924=VECTOR('',#4871,1.);
#2925=VECTOR('',#4876,1.);
#2926=VECTOR('',#4879,1.);
#2927=VECTOR('',#4880,1.);
#2928=VECTOR('',#4883,1.);
#2929=VECTOR('',#4888,1.);
#2930=VECTOR('',#4891,1.);
#2931=VECTOR('',#4894,1.);
#2932=VECTOR('',#4895,1.);
#2933=VECTOR('',#4896,1.);
#2934=VECTOR('',#4897,1.);
#2935=VECTOR('',#4898,1.);
#2936=VECTOR('',#4919,1.);
#2937=VECTOR('',#4920,1.);
#2938=VECTOR('',#4921,1.);
#2939=VECTOR('',#4924,1.);
#2940=VECTOR('',#4927,1.);
#2941=VECTOR('',#4932,1.);
#2942=VECTOR('',#4995,1.);
#2943=VECTOR('',#4996,1.);
#2944=VECTOR('',#4997,1.);
#2945=VECTOR('',#4998,1.);
#2946=VECTOR('',#5001,1.);
#2947=VECTOR('',#5002,1.);
#2948=VECTOR('',#5005,1.);
#2949=VECTOR('',#5006,1.);
#2950=VECTOR('',#5033,1.);
#2951=VECTOR('',#5034,1.);
#2952=VECTOR('',#5035,1.);
#2953=VECTOR('',#5038,1.);
#2954=VECTOR('',#5039,1.);
#2955=VECTOR('',#5040,1.);
#2956=VECTOR('',#5163,1.);
#2957=VECTOR('',#5164,1.);
#2958=VECTOR('',#5167,1.);
#2959=VECTOR('',#5168,1.);
#2960=VECTOR('',#5171,1.);
#2961=VECTOR('',#5172,1.);
#2962=VECTOR('',#5173,1.);
#2963=VECTOR('',#5174,1.);
#2964=VECTOR('',#5177,1.);
#2965=VECTOR('',#5178,1.);
#2966=VECTOR('',#5181,1.);
#2967=VECTOR('',#5182,1.);
#2968=VECTOR('',#5183,1.);
#2969=VECTOR('',#5184,1.);
#2970=VECTOR('',#5187,1.);
#2971=VECTOR('',#5188,1.);
#2972=VECTOR('',#5191,1.);
#2973=VECTOR('',#5192,1.);
#2974=VECTOR('',#5193,1.);
#2975=VECTOR('',#5196,1.);
#2976=VECTOR('',#5197,1.);
#2977=VECTOR('',#5198,1.);
#2978=VECTOR('',#5201,1.);
#2979=VECTOR('',#5204,1.);
#2980=VECTOR('',#5205,1.);
#2981=VECTOR('',#5206,1.);
#2982=VECTOR('',#5207,1.);
#2983=VECTOR('',#5210,1.);
#2984=VECTOR('',#5211,1.);
#2985=VECTOR('',#5214,1.);
#2986=VECTOR('',#5219,1.);
#2987=VECTOR('',#5224,1.);
#2988=VECTOR('',#5229,1.);
#2989=VECTOR('',#5230,1.);
#2990=VECTOR('',#5231,1.);
#2991=VECTOR('',#5246,1.);
#2992=VECTOR('',#5249,1.);
#2993=VECTOR('',#5252,1.);
#2994=EDGE_LOOP('',(#212,#213,#214,#215,#216,#217,#218,#219));
#2995=EDGE_LOOP('',(#220,#221,#222,#223,#224,#225,#226,#227,#228,#229,#230,
#231));
#2996=EDGE_LOOP('',(#232));
#2997=EDGE_LOOP('',(#233));
#2998=EDGE_LOOP('',(#234));
#2999=EDGE_LOOP('',(#235));
#3000=EDGE_LOOP('',(#236,#237,#238,#239,#240,#241,#242,#243,#244,#245));
#3001=EDGE_LOOP('',(#246,#247,#248,#249,#250,#251,#252));
#3002=EDGE_LOOP('',(#253,#254,#255,#256,#257,#258,#259));
#3003=EDGE_LOOP('',(#260,#261,#262,#263,#264,#265,#266));
#3004=EDGE_LOOP('',(#267,#268,#269,#270,#271,#272,#273,#274));
#3005=EDGE_LOOP('',(#275,#276,#277,#278,#279,#280,#281,#282));
#3006=EDGE_LOOP('',(#283,#284,#285,#286,#287,#288,#289,#290));
#3007=EDGE_LOOP('',(#291,#292,#293,#294,#295,#296,#297,#298));
#3008=EDGE_LOOP('',(#299,#300,#301,#302,#303,#304,#305,#306));
#3009=EDGE_LOOP('',(#307,#308,#309,#310,#311,#312,#313,#314));
#3010=EDGE_LOOP('',(#315,#316,#317,#318,#319,#320,#321,#322));
#3011=EDGE_LOOP('',(#323,#324,#325,#326,#327,#328,#329,#330));
#3012=EDGE_LOOP('',(#331,#332,#333,#334,#335,#336,#337,#338));
#3013=EDGE_LOOP('',(#339,#340,#341,#342,#343,#344,#345,#346));
#3014=EDGE_LOOP('',(#347,#348,#349,#350,#351,#352,#353,#354));
#3015=EDGE_LOOP('',(#355,#356,#357,#358,#359,#360,#361,#362));
#3016=EDGE_LOOP('',(#363,#364,#365,#366,#367,#368,#369,#370));
#3017=EDGE_LOOP('',(#371,#372,#373,#374,#375,#376,#377,#378));
#3018=EDGE_LOOP('',(#379,#380,#381,#382,#383,#384,#385,#386));
#3019=EDGE_LOOP('',(#387,#388,#389,#390,#391,#392,#393,#394));
#3020=EDGE_LOOP('',(#395,#396,#397,#398,#399,#400,#401,#402));
#3021=EDGE_LOOP('',(#403,#404,#405,#406,#407,#408,#409,#410));
#3022=EDGE_LOOP('',(#411,#412,#413,#414,#415,#416,#417,#418));
#3023=EDGE_LOOP('',(#419,#420,#421,#422,#423,#424,#425,#426));
#3024=EDGE_LOOP('',(#427,#428,#429,#430,#431,#432,#433,#434));
#3025=EDGE_LOOP('',(#435,#436,#437,#438,#439,#440,#441,#442));
#3026=EDGE_LOOP('',(#443,#444,#445,#446,#447,#448,#449,#450));
#3027=EDGE_LOOP('',(#451,#452,#453,#454,#455,#456,#457,#458));
#3028=EDGE_LOOP('',(#459,#460,#461,#462));
#3029=EDGE_LOOP('',(#463,#464,#465,#466));
#3030=EDGE_LOOP('',(#467,#468,#469,#470));
#3031=EDGE_LOOP('',(#471,#472,#473,#474));
#3032=EDGE_LOOP('',(#475,#476,#477,#478));
#3033=EDGE_LOOP('',(#479,#480,#481,#482));
#3034=EDGE_LOOP('',(#483,#484,#485,#486));
#3035=EDGE_LOOP('',(#487,#488,#489,#490));
#3036=EDGE_LOOP('',(#491,#492,#493,#494));
#3037=EDGE_LOOP('',(#495,#496,#497,#498));
#3038=EDGE_LOOP('',(#499,#500,#501,#502));
#3039=EDGE_LOOP('',(#503,#504,#505,#506));
#3040=EDGE_LOOP('',(#507,#508,#509,#510));
#3041=EDGE_LOOP('',(#511,#512,#513,#514));
#3042=EDGE_LOOP('',(#515,#516,#517,#518));
#3043=EDGE_LOOP('',(#519,#520,#521,#522));
#3044=EDGE_LOOP('',(#523,#524,#525,#526,#527,#528));
#3045=EDGE_LOOP('',(#529,#530,#531,#532,#533,#534));
#3046=EDGE_LOOP('',(#535));
#3047=EDGE_LOOP('',(#536));
#3048=EDGE_LOOP('',(#537,#538,#539,#540,#541,#542));
#3049=EDGE_LOOP('',(#543,#544,#545,#546,#547,#548));
#3050=EDGE_LOOP('',(#549));
#3051=EDGE_LOOP('',(#550));
#3052=EDGE_LOOP('',(#551,#552,#553,#554,#555,#556));
#3053=EDGE_LOOP('',(#557,#558,#559,#560,#561,#562));
#3054=EDGE_LOOP('',(#563));
#3055=EDGE_LOOP('',(#564));
#3056=EDGE_LOOP('',(#565,#566,#567,#568,#569,#570));
#3057=EDGE_LOOP('',(#571,#572,#573,#574,#575,#576));
#3058=EDGE_LOOP('',(#577));
#3059=EDGE_LOOP('',(#578));
#3060=EDGE_LOOP('',(#579,#580,#581,#582));
#3061=EDGE_LOOP('',(#583,#584,#585,#586));
#3062=EDGE_LOOP('',(#587,#588,#589,#590));
#3063=EDGE_LOOP('',(#591,#592,#593,#594));
#3064=EDGE_LOOP('',(#595,#596,#597,#598));
#3065=EDGE_LOOP('',(#599,#600,#601,#602,#603,#604,#605,#606,#607,#608,#609,
#610,#611,#612,#613,#614));
#3066=EDGE_LOOP('',(#615,#616,#617,#618,#619,#620,#621,#622,#623,#624,#625,
#626,#627,#628,#629,#630));
#3067=EDGE_LOOP('',(#631));
#3068=EDGE_LOOP('',(#632));
#3069=EDGE_LOOP('',(#633));
#3070=EDGE_LOOP('',(#634));
#3071=EDGE_LOOP('',(#635,#636,#637,#638,#639,#640,#641,#642,#643,#644,#645,
#646,#647,#648,#649,#650));
#3072=EDGE_LOOP('',(#651,#652,#653,#654,#655,#656,#657,#658,#659,#660,#661,
#662,#663,#664,#665,#666,#667,#668,#669,#670,#671,#672,#673,#674,#675,#676,
#677,#678,#679,#680,#681));
#3073=EDGE_LOOP('',(#682));
#3074=EDGE_LOOP('',(#683));
#3075=EDGE_LOOP('',(#684));
#3076=EDGE_LOOP('',(#685));
#3077=EDGE_LOOP('',(#686));
#3078=EDGE_LOOP('',(#687));
#3079=EDGE_LOOP('',(#688));
#3080=EDGE_LOOP('',(#689));
#3081=EDGE_LOOP('',(#690));
#3082=EDGE_LOOP('',(#691));
#3083=EDGE_LOOP('',(#692));
#3084=EDGE_LOOP('',(#693));
#3085=EDGE_LOOP('',(#694));
#3086=EDGE_LOOP('',(#695));
#3087=EDGE_LOOP('',(#696));
#3088=EDGE_LOOP('',(#697));
#3089=EDGE_LOOP('',(#698));
#3090=EDGE_LOOP('',(#699));
#3091=EDGE_LOOP('',(#700));
#3092=EDGE_LOOP('',(#701));
#3093=EDGE_LOOP('',(#702));
#3094=EDGE_LOOP('',(#703));
#3095=EDGE_LOOP('',(#704));
#3096=EDGE_LOOP('',(#705));
#3097=EDGE_LOOP('',(#706,#707,#708));
#3098=EDGE_LOOP('',(#709,#710,#711));
#3099=EDGE_LOOP('',(#712,#713,#714));
#3100=EDGE_LOOP('',(#715,#716,#717));
#3101=EDGE_LOOP('',(#718,#719,#720));
#3102=EDGE_LOOP('',(#721,#722,#723));
#3103=EDGE_LOOP('',(#724,#725,#726));
#3104=EDGE_LOOP('',(#727,#728,#729));
#3105=EDGE_LOOP('',(#730,#731,#732));
#3106=EDGE_LOOP('',(#733,#734,#735));
#3107=EDGE_LOOP('',(#736,#737,#738));
#3108=EDGE_LOOP('',(#739,#740,#741));
#3109=EDGE_LOOP('',(#742,#743,#744,#745));
#3110=EDGE_LOOP('',(#746,#747,#748,#749,#750,#751,#752,#753));
#3111=EDGE_LOOP('',(#754,#755,#756,#757,#758,#759));
#3112=EDGE_LOOP('',(#760,#761,#762,#763,#764,#765,#766,#767));
#3113=EDGE_LOOP('',(#768,#769,#770,#771,#772,#773));
#3114=EDGE_LOOP('',(#774,#775,#776,#777,#778,#779,#780,#781));
#3115=EDGE_LOOP('',(#782,#783,#784,#785));
#3116=EDGE_LOOP('',(#786,#787,#788,#789));
#3117=EDGE_LOOP('',(#790,#791,#792,#793));
#3118=EDGE_LOOP('',(#794,#795,#796,#797,#798,#799,#800,#801));
#3119=EDGE_LOOP('',(#802,#803,#804,#805));
#3120=EDGE_LOOP('',(#806,#807,#808,#809));
#3121=EDGE_LOOP('',(#810,#811,#812,#813));
#3122=EDGE_LOOP('',(#814,#815,#816,#817));
#3123=EDGE_LOOP('',(#818));
#3124=EDGE_LOOP('',(#819));
#3125=EDGE_LOOP('',(#820));
#3126=EDGE_LOOP('',(#821));
#3127=EDGE_LOOP('',(#822));
#3128=EDGE_LOOP('',(#823));
#3129=EDGE_LOOP('',(#824));
#3130=EDGE_LOOP('',(#825));
#3131=EDGE_LOOP('',(#826));
#3132=EDGE_LOOP('',(#827));
#3133=EDGE_LOOP('',(#828));
#3134=EDGE_LOOP('',(#829));
#3135=EDGE_LOOP('',(#830));
#3136=EDGE_LOOP('',(#831));
#3137=EDGE_LOOP('',(#832));
#3138=EDGE_LOOP('',(#833));
#3139=EDGE_LOOP('',(#834));
#3140=EDGE_LOOP('',(#835));
#3141=EDGE_LOOP('',(#836));
#3142=EDGE_LOOP('',(#837));
#3143=EDGE_LOOP('',(#838));
#3144=EDGE_LOOP('',(#839));
#3145=EDGE_LOOP('',(#840));
#3146=EDGE_LOOP('',(#841));
#3147=EDGE_LOOP('',(#842,#843,#844,#845));
#3148=EDGE_LOOP('',(#846,#847,#848,#849));
#3149=EDGE_LOOP('',(#850,#851,#852,#853));
#3150=EDGE_LOOP('',(#854,#855,#856,#857));
#3151=EDGE_LOOP('',(#858,#859,#860,#861));
#3152=EDGE_LOOP('',(#862,#863,#864,#865));
#3153=EDGE_LOOP('',(#866,#867,#868,#869));
#3154=EDGE_LOOP('',(#870,#871,#872,#873,#874,#875,#876,#877,#878,#879,#880,
#881,#882));
#3155=EDGE_LOOP('',(#883,#884,#885,#886,#887,#888));
#3156=EDGE_LOOP('',(#889,#890,#891,#892,#893,#894));
#3157=EDGE_LOOP('',(#895,#896,#897,#898));
#3158=EDGE_LOOP('',(#899));
#3159=EDGE_LOOP('',(#900,#901,#902));
#3160=EDGE_LOOP('',(#903,#904,#905,#906));
#3161=EDGE_LOOP('',(#907));
#3162=EDGE_LOOP('',(#908,#909,#910));
#3163=EDGE_LOOP('',(#911,#912,#913,#914));
#3164=EDGE_LOOP('',(#915));
#3165=EDGE_LOOP('',(#916,#917,#918));
#3166=EDGE_LOOP('',(#919,#920,#921));
#3167=EDGE_LOOP('',(#922));
#3168=EDGE_LOOP('',(#923,#924,#925,#926));
#3169=EDGE_LOOP('',(#927,#928,#929,#930));
#3170=EDGE_LOOP('',(#931,#932,#933,#934));
#3171=EDGE_LOOP('',(#935,#936,#937,#938));
#3172=EDGE_LOOP('',(#939,#940,#941,#942));
#3173=EDGE_LOOP('',(#943));
#3174=EDGE_LOOP('',(#944,#945,#946,#947));
#3175=EDGE_LOOP('',(#948,#949,#950,#951));
#3176=EDGE_LOOP('',(#952,#953,#954,#955));
#3177=EDGE_LOOP('',(#956));
#3178=EDGE_LOOP('',(#957,#958,#959,#960));
#3179=EDGE_LOOP('',(#961,#962,#963,#964));
#3180=EDGE_LOOP('',(#965,#966,#967,#968));
#3181=EDGE_LOOP('',(#969));
#3182=EDGE_LOOP('',(#970,#971,#972,#973));
#3183=EDGE_LOOP('',(#974,#975,#976,#977));
#3184=EDGE_LOOP('',(#978,#979,#980,#981));
#3185=EDGE_LOOP('',(#982));
#3186=EDGE_LOOP('',(#983,#984,#985,#986));
#3187=EDGE_LOOP('',(#987,#988,#989,#990));
#3188=EDGE_LOOP('',(#991,#992,#993,#994));
#3189=EDGE_LOOP('',(#995));
#3190=EDGE_LOOP('',(#996,#997,#998,#999));
#3191=EDGE_LOOP('',(#1000,#1001,#1002,#1003));
#3192=EDGE_LOOP('',(#1004,#1005,#1006,#1007));
#3193=EDGE_LOOP('',(#1008));
#3194=EDGE_LOOP('',(#1009,#1010,#1011,#1012));
#3195=EDGE_LOOP('',(#1013,#1014,#1015,#1016));
#3196=EDGE_LOOP('',(#1017,#1018,#1019,#1020));
#3197=EDGE_LOOP('',(#1021));
#3198=EDGE_LOOP('',(#1022,#1023,#1024,#1025));
#3199=EDGE_LOOP('',(#1026,#1027,#1028,#1029));
#3200=EDGE_LOOP('',(#1030,#1031,#1032,#1033));
#3201=EDGE_LOOP('',(#1034));
#3202=EDGE_LOOP('',(#1035,#1036,#1037,#1038));
#3203=EDGE_LOOP('',(#1039,#1040,#1041,#1042));
#3204=EDGE_LOOP('',(#1043,#1044,#1045,#1046));
#3205=EDGE_LOOP('',(#1047));
#3206=EDGE_LOOP('',(#1048,#1049,#1050,#1051));
#3207=EDGE_LOOP('',(#1052,#1053,#1054,#1055));
#3208=EDGE_LOOP('',(#1056,#1057,#1058,#1059));
#3209=EDGE_LOOP('',(#1060));
#3210=EDGE_LOOP('',(#1061,#1062,#1063,#1064));
#3211=EDGE_LOOP('',(#1065,#1066,#1067,#1068));
#3212=EDGE_LOOP('',(#1069,#1070,#1071,#1072));
#3213=EDGE_LOOP('',(#1073));
#3214=EDGE_LOOP('',(#1074,#1075,#1076,#1077));
#3215=EDGE_LOOP('',(#1078,#1079,#1080,#1081));
#3216=EDGE_LOOP('',(#1082,#1083,#1084,#1085));
#3217=EDGE_LOOP('',(#1086));
#3218=EDGE_LOOP('',(#1087,#1088,#1089,#1090));
#3219=EDGE_LOOP('',(#1091,#1092,#1093,#1094));
#3220=EDGE_LOOP('',(#1095,#1096,#1097,#1098));
#3221=EDGE_LOOP('',(#1099,#1100,#1101,#1102,#1103,#1104,#1105));
#3222=EDGE_LOOP('',(#1106,#1107,#1108,#1109,#1110,#1111,#1112,#1113,#1114,
#1115,#1116,#1117));
#3223=EDGE_LOOP('',(#1118));
#3224=EDGE_LOOP('',(#1119));
#3225=EDGE_LOOP('',(#1120));
#3226=EDGE_LOOP('',(#1121));
#3227=EDGE_LOOP('',(#1122,#1123,#1124,#1125));
#3228=EDGE_LOOP('',(#1126,#1127,#1128,#1129,#1130,#1131,#1132));
#3229=EDGE_LOOP('',(#1133,#1134,#1135,#1136,#1137,#1138,#1139,#1140,#1141,
#1142,#1143,#1144));
#3230=EDGE_LOOP('',(#1145));
#3231=EDGE_LOOP('',(#1146));
#3232=EDGE_LOOP('',(#1147));
#3233=EDGE_LOOP('',(#1148));
#3234=EDGE_LOOP('',(#1149,#1150,#1151,#1152));
#3235=EDGE_LOOP('',(#1153,#1154,#1155,#1156));
#3236=EDGE_LOOP('',(#1157,#1158,#1159,#1160));
#3237=EDGE_LOOP('',(#1161,#1162,#1163,#1164));
#3238=EDGE_LOOP('',(#1165,#1166,#1167,#1168,#1169,#1170,#1171));
#3239=EDGE_LOOP('',(#1172,#1173,#1174,#1175,#1176,#1177,#1178,#1179,#1180,
#1181,#1182,#1183));
#3240=EDGE_LOOP('',(#1184));
#3241=EDGE_LOOP('',(#1185));
#3242=EDGE_LOOP('',(#1186));
#3243=EDGE_LOOP('',(#1187));
#3244=EDGE_LOOP('',(#1188,#1189,#1190,#1191));
#3245=EDGE_LOOP('',(#1192,#1193,#1194,#1195));
#3246=EDGE_LOOP('',(#1196,#1197,#1198,#1199));
#3247=EDGE_LOOP('',(#1200,#1201,#1202,#1203));
#3248=EDGE_LOOP('',(#1204,#1205,#1206,#1207));
#3249=EDGE_LOOP('',(#1208,#1209,#1210,#1211));
#3250=EDGE_LOOP('',(#1212,#1213,#1214,#1215));
#3251=EDGE_LOOP('',(#1216,#1217,#1218,#1219,#1220,#1221,#1222,#1223,#1224,
#1225,#1226,#1227,#1228,#1229,#1230,#1231,#1232,#1233,#1234,#1235));
#3252=EDGE_LOOP('',(#1236));
#3253=EDGE_LOOP('',(#1237));
#3254=EDGE_LOOP('',(#1238));
#3255=EDGE_LOOP('',(#1239));
#3256=EDGE_LOOP('',(#1240,#1241,#1242,#1243));
#3257=EDGE_LOOP('',(#1244,#1245,#1246,#1247));
#3258=EDGE_LOOP('',(#1248,#1249,#1250,#1251));
#3259=EDGE_LOOP('',(#1252,#1253,#1254,#1255));
#3260=EDGE_LOOP('',(#1256,#1257,#1258,#1259));
#3261=EDGE_LOOP('',(#1260,#1261,#1262,#1263));
#3262=EDGE_LOOP('',(#1264,#1265,#1266,#1267));
#3263=EDGE_LOOP('',(#1268,#1269,#1270,#1271));
#3264=EDGE_LOOP('',(#1272,#1273,#1274,#1275));
#3265=EDGE_LOOP('',(#1276,#1277,#1278,#1279));
#3266=FACE_BOUND('',#2994,.T.);
#3267=FACE_BOUND('',#2995,.T.);
#3268=FACE_BOUND('',#2996,.T.);
#3269=FACE_BOUND('',#2997,.T.);
#3270=FACE_BOUND('',#2998,.T.);
#3271=FACE_BOUND('',#2999,.T.);
#3272=FACE_BOUND('',#3000,.T.);
#3273=FACE_BOUND('',#3001,.T.);
#3274=FACE_BOUND('',#3002,.T.);
#3275=FACE_BOUND('',#3003,.T.);
#3276=FACE_BOUND('',#3004,.T.);
#3277=FACE_BOUND('',#3005,.T.);
#3278=FACE_BOUND('',#3006,.T.);
#3279=FACE_BOUND('',#3007,.T.);
#3280=FACE_BOUND('',#3008,.T.);
#3281=FACE_BOUND('',#3009,.T.);
#3282=FACE_BOUND('',#3010,.T.);
#3283=FACE_BOUND('',#3011,.T.);
#3284=FACE_BOUND('',#3012,.T.);
#3285=FACE_BOUND('',#3013,.T.);
#3286=FACE_BOUND('',#3014,.T.);
#3287=FACE_BOUND('',#3015,.T.);
#3288=FACE_BOUND('',#3016,.T.);
#3289=FACE_BOUND('',#3017,.T.);
#3290=FACE_BOUND('',#3018,.T.);
#3291=FACE_BOUND('',#3019,.T.);
#3292=FACE_BOUND('',#3020,.T.);
#3293=FACE_BOUND('',#3021,.T.);
#3294=FACE_BOUND('',#3022,.T.);
#3295=FACE_BOUND('',#3023,.T.);
#3296=FACE_BOUND('',#3024,.T.);
#3297=FACE_BOUND('',#3025,.T.);
#3298=FACE_BOUND('',#3026,.T.);
#3299=FACE_BOUND('',#3027,.T.);
#3300=FACE_BOUND('',#3028,.T.);
#3301=FACE_BOUND('',#3029,.T.);
#3302=FACE_BOUND('',#3030,.T.);
#3303=FACE_BOUND('',#3031,.T.);
#3304=FACE_BOUND('',#3032,.T.);
#3305=FACE_BOUND('',#3033,.T.);
#3306=FACE_BOUND('',#3034,.T.);
#3307=FACE_BOUND('',#3035,.T.);
#3308=FACE_BOUND('',#3036,.T.);
#3309=FACE_BOUND('',#3037,.T.);
#3310=FACE_BOUND('',#3038,.T.);
#3311=FACE_BOUND('',#3039,.T.);
#3312=FACE_BOUND('',#3040,.T.);
#3313=FACE_BOUND('',#3041,.T.);
#3314=FACE_BOUND('',#3042,.T.);
#3315=FACE_BOUND('',#3043,.T.);
#3316=FACE_BOUND('',#3044,.T.);
#3317=FACE_BOUND('',#3045,.T.);
#3318=FACE_BOUND('',#3046,.T.);
#3319=FACE_BOUND('',#3047,.T.);
#3320=FACE_BOUND('',#3048,.T.);
#3321=FACE_BOUND('',#3049,.T.);
#3322=FACE_BOUND('',#3050,.T.);
#3323=FACE_BOUND('',#3051,.T.);
#3324=FACE_BOUND('',#3052,.T.);
#3325=FACE_BOUND('',#3053,.T.);
#3326=FACE_BOUND('',#3054,.T.);
#3327=FACE_BOUND('',#3055,.T.);
#3328=FACE_BOUND('',#3056,.T.);
#3329=FACE_BOUND('',#3057,.T.);
#3330=FACE_BOUND('',#3058,.T.);
#3331=FACE_BOUND('',#3059,.T.);
#3332=FACE_BOUND('',#3060,.T.);
#3333=FACE_BOUND('',#3061,.T.);
#3334=FACE_BOUND('',#3062,.T.);
#3335=FACE_BOUND('',#3063,.T.);
#3336=FACE_BOUND('',#3064,.T.);
#3337=FACE_BOUND('',#3065,.T.);
#3338=FACE_BOUND('',#3066,.T.);
#3339=FACE_BOUND('',#3067,.T.);
#3340=FACE_BOUND('',#3068,.T.);
#3341=FACE_BOUND('',#3069,.T.);
#3342=FACE_BOUND('',#3070,.T.);
#3343=FACE_BOUND('',#3071,.T.);
#3344=FACE_BOUND('',#3072,.T.);
#3345=FACE_BOUND('',#3073,.T.);
#3346=FACE_BOUND('',#3074,.T.);
#3347=FACE_BOUND('',#3075,.T.);
#3348=FACE_BOUND('',#3076,.T.);
#3349=FACE_BOUND('',#3077,.T.);
#3350=FACE_BOUND('',#3078,.T.);
#3351=FACE_BOUND('',#3079,.T.);
#3352=FACE_BOUND('',#3080,.T.);
#3353=FACE_BOUND('',#3081,.T.);
#3354=FACE_BOUND('',#3082,.T.);
#3355=FACE_BOUND('',#3083,.T.);
#3356=FACE_BOUND('',#3084,.T.);
#3357=FACE_BOUND('',#3085,.T.);
#3358=FACE_BOUND('',#3086,.T.);
#3359=FACE_BOUND('',#3087,.T.);
#3360=FACE_BOUND('',#3088,.T.);
#3361=FACE_BOUND('',#3089,.T.);
#3362=FACE_BOUND('',#3090,.T.);
#3363=FACE_BOUND('',#3091,.T.);
#3364=FACE_BOUND('',#3092,.T.);
#3365=FACE_BOUND('',#3093,.T.);
#3366=FACE_BOUND('',#3094,.T.);
#3367=FACE_BOUND('',#3095,.T.);
#3368=FACE_BOUND('',#3096,.T.);
#3369=FACE_BOUND('',#3097,.T.);
#3370=FACE_BOUND('',#3098,.T.);
#3371=FACE_BOUND('',#3099,.T.);
#3372=FACE_BOUND('',#3100,.T.);
#3373=FACE_BOUND('',#3101,.T.);
#3374=FACE_BOUND('',#3102,.T.);
#3375=FACE_BOUND('',#3103,.T.);
#3376=FACE_BOUND('',#3104,.T.);
#3377=FACE_BOUND('',#3105,.T.);
#3378=FACE_BOUND('',#3106,.T.);
#3379=FACE_BOUND('',#3107,.T.);
#3380=FACE_BOUND('',#3108,.T.);
#3381=FACE_BOUND('',#3109,.T.);
#3382=FACE_BOUND('',#3110,.T.);
#3383=FACE_BOUND('',#3111,.T.);
#3384=FACE_BOUND('',#3112,.T.);
#3385=FACE_BOUND('',#3113,.T.);
#3386=FACE_BOUND('',#3114,.T.);
#3387=FACE_BOUND('',#3115,.T.);
#3388=FACE_BOUND('',#3116,.T.);
#3389=FACE_BOUND('',#3117,.T.);
#3390=FACE_BOUND('',#3118,.T.);
#3391=FACE_BOUND('',#3119,.T.);
#3392=FACE_BOUND('',#3120,.T.);
#3393=FACE_BOUND('',#3121,.T.);
#3394=FACE_BOUND('',#3122,.T.);
#3395=FACE_BOUND('',#3123,.T.);
#3396=FACE_BOUND('',#3124,.T.);
#3397=FACE_BOUND('',#3125,.T.);
#3398=FACE_BOUND('',#3126,.T.);
#3399=FACE_BOUND('',#3127,.T.);
#3400=FACE_BOUND('',#3128,.T.);
#3401=FACE_BOUND('',#3129,.T.);
#3402=FACE_BOUND('',#3130,.T.);
#3403=FACE_BOUND('',#3131,.T.);
#3404=FACE_BOUND('',#3132,.T.);
#3405=FACE_BOUND('',#3133,.T.);
#3406=FACE_BOUND('',#3134,.T.);
#3407=FACE_BOUND('',#3135,.T.);
#3408=FACE_BOUND('',#3136,.T.);
#3409=FACE_BOUND('',#3137,.T.);
#3410=FACE_BOUND('',#3138,.T.);
#3411=FACE_BOUND('',#3139,.T.);
#3412=FACE_BOUND('',#3140,.T.);
#3413=FACE_BOUND('',#3141,.T.);
#3414=FACE_BOUND('',#3142,.T.);
#3415=FACE_BOUND('',#3143,.T.);
#3416=FACE_BOUND('',#3144,.T.);
#3417=FACE_BOUND('',#3145,.T.);
#3418=FACE_BOUND('',#3146,.T.);
#3419=FACE_BOUND('',#3147,.T.);
#3420=FACE_BOUND('',#3148,.T.);
#3421=FACE_BOUND('',#3149,.T.);
#3422=FACE_BOUND('',#3150,.T.);
#3423=FACE_BOUND('',#3151,.T.);
#3424=FACE_BOUND('',#3152,.T.);
#3425=FACE_BOUND('',#3153,.T.);
#3426=FACE_BOUND('',#3154,.T.);
#3427=FACE_BOUND('',#3155,.T.);
#3428=FACE_BOUND('',#3156,.T.);
#3429=FACE_BOUND('',#3157,.T.);
#3430=FACE_BOUND('',#3158,.T.);
#3431=FACE_BOUND('',#3159,.T.);
#3432=FACE_BOUND('',#3160,.T.);
#3433=FACE_BOUND('',#3161,.T.);
#3434=FACE_BOUND('',#3162,.T.);
#3435=FACE_BOUND('',#3163,.T.);
#3436=FACE_BOUND('',#3164,.T.);
#3437=FACE_BOUND('',#3165,.T.);
#3438=FACE_BOUND('',#3166,.T.);
#3439=FACE_BOUND('',#3167,.T.);
#3440=FACE_BOUND('',#3168,.T.);
#3441=FACE_BOUND('',#3169,.T.);
#3442=FACE_BOUND('',#3170,.T.);
#3443=FACE_BOUND('',#3171,.T.);
#3444=FACE_BOUND('',#3172,.T.);
#3445=FACE_BOUND('',#3173,.T.);
#3446=FACE_BOUND('',#3174,.T.);
#3447=FACE_BOUND('',#3175,.T.);
#3448=FACE_BOUND('',#3176,.T.);
#3449=FACE_BOUND('',#3177,.T.);
#3450=FACE_BOUND('',#3178,.T.);
#3451=FACE_BOUND('',#3179,.T.);
#3452=FACE_BOUND('',#3180,.T.);
#3453=FACE_BOUND('',#3181,.T.);
#3454=FACE_BOUND('',#3182,.T.);
#3455=FACE_BOUND('',#3183,.T.);
#3456=FACE_BOUND('',#3184,.T.);
#3457=FACE_BOUND('',#3185,.T.);
#3458=FACE_BOUND('',#3186,.T.);
#3459=FACE_BOUND('',#3187,.T.);
#3460=FACE_BOUND('',#3188,.T.);
#3461=FACE_BOUND('',#3189,.T.);
#3462=FACE_BOUND('',#3190,.T.);
#3463=FACE_BOUND('',#3191,.T.);
#3464=FACE_BOUND('',#3192,.T.);
#3465=FACE_BOUND('',#3193,.T.);
#3466=FACE_BOUND('',#3194,.T.);
#3467=FACE_BOUND('',#3195,.T.);
#3468=FACE_BOUND('',#3196,.T.);
#3469=FACE_BOUND('',#3197,.T.);
#3470=FACE_BOUND('',#3198,.T.);
#3471=FACE_BOUND('',#3199,.T.);
#3472=FACE_BOUND('',#3200,.T.);
#3473=FACE_BOUND('',#3201,.T.);
#3474=FACE_BOUND('',#3202,.T.);
#3475=FACE_BOUND('',#3203,.T.);
#3476=FACE_BOUND('',#3204,.T.);
#3477=FACE_BOUND('',#3205,.T.);
#3478=FACE_BOUND('',#3206,.T.);
#3479=FACE_BOUND('',#3207,.T.);
#3480=FACE_BOUND('',#3208,.T.);
#3481=FACE_BOUND('',#3209,.T.);
#3482=FACE_BOUND('',#3210,.T.);
#3483=FACE_BOUND('',#3211,.T.);
#3484=FACE_BOUND('',#3212,.T.);
#3485=FACE_BOUND('',#3213,.T.);
#3486=FACE_BOUND('',#3214,.T.);
#3487=FACE_BOUND('',#3215,.T.);
#3488=FACE_BOUND('',#3216,.T.);
#3489=FACE_BOUND('',#3217,.T.);
#3490=FACE_BOUND('',#3218,.T.);
#3491=FACE_BOUND('',#3219,.T.);
#3492=FACE_BOUND('',#3220,.T.);
#3493=FACE_BOUND('',#3221,.T.);
#3494=FACE_BOUND('',#3222,.T.);
#3495=FACE_BOUND('',#3223,.T.);
#3496=FACE_BOUND('',#3224,.T.);
#3497=FACE_BOUND('',#3225,.T.);
#3498=FACE_BOUND('',#3226,.T.);
#3499=FACE_BOUND('',#3227,.T.);
#3500=FACE_BOUND('',#3228,.T.);
#3501=FACE_BOUND('',#3229,.T.);
#3502=FACE_BOUND('',#3230,.T.);
#3503=FACE_BOUND('',#3231,.T.);
#3504=FACE_BOUND('',#3232,.T.);
#3505=FACE_BOUND('',#3233,.T.);
#3506=FACE_BOUND('',#3234,.T.);
#3507=FACE_BOUND('',#3235,.T.);
#3508=FACE_BOUND('',#3236,.T.);
#3509=FACE_BOUND('',#3237,.T.);
#3510=FACE_BOUND('',#3238,.T.);
#3511=FACE_BOUND('',#3239,.T.);
#3512=FACE_BOUND('',#3240,.T.);
#3513=FACE_BOUND('',#3241,.T.);
#3514=FACE_BOUND('',#3242,.T.);
#3515=FACE_BOUND('',#3243,.T.);
#3516=FACE_BOUND('',#3244,.T.);
#3517=FACE_BOUND('',#3245,.T.);
#3518=FACE_BOUND('',#3246,.T.);
#3519=FACE_BOUND('',#3247,.T.);
#3520=FACE_BOUND('',#3248,.T.);
#3521=FACE_BOUND('',#3249,.T.);
#3522=FACE_BOUND('',#3250,.T.);
#3523=FACE_BOUND('',#3251,.T.);
#3524=FACE_BOUND('',#3252,.T.);
#3525=FACE_BOUND('',#3253,.T.);
#3526=FACE_BOUND('',#3254,.T.);
#3527=FACE_BOUND('',#3255,.T.);
#3528=FACE_BOUND('',#3256,.T.);
#3529=FACE_BOUND('',#3257,.T.);
#3530=FACE_BOUND('',#3258,.T.);
#3531=FACE_BOUND('',#3259,.T.);
#3532=FACE_BOUND('',#3260,.T.);
#3533=FACE_BOUND('',#3261,.T.);
#3534=FACE_BOUND('',#3262,.T.);
#3535=FACE_BOUND('',#3263,.T.);
#3536=FACE_BOUND('',#3264,.T.);
#3537=FACE_BOUND('',#3265,.T.);
#3538=PLANE('',#3877);
#3539=PLANE('',#3878);
#3540=PLANE('',#3890);
#3541=PLANE('',#3891);
#3542=PLANE('',#3892);
#3543=PLANE('',#3893);
#3544=PLANE('',#3894);
#3545=PLANE('',#3895);
#3546=PLANE('',#3896);
#3547=PLANE('',#3897);
#3548=PLANE('',#3898);
#3549=PLANE('',#3899);
#3550=PLANE('',#3900);
#3551=PLANE('',#3901);
#3552=PLANE('',#3902);
#3553=PLANE('',#3903);
#3554=PLANE('',#3904);
#3555=PLANE('',#3905);
#3556=PLANE('',#3906);
#3557=PLANE('',#3907);
#3558=PLANE('',#3908);
#3559=PLANE('',#3909);
#3560=PLANE('',#3910);
#3561=PLANE('',#3911);
#3562=PLANE('',#3912);
#3563=PLANE('',#3913);
#3564=PLANE('',#3914);
#3565=PLANE('',#3915);
#3566=PLANE('',#3916);
#3567=PLANE('',#3917);
#3568=PLANE('',#3918);
#3569=PLANE('',#3919);
#3570=PLANE('',#3920);
#3571=PLANE('',#3921);
#3572=PLANE('',#3922);
#3573=PLANE('',#3923);
#3574=PLANE('',#3924);
#3575=PLANE('',#3925);
#3576=PLANE('',#3926);
#3577=PLANE('',#3927);
#3578=PLANE('',#3928);
#3579=PLANE('',#3929);
#3580=PLANE('',#3930);
#3581=PLANE('',#3931);
#3582=PLANE('',#3935);
#3583=PLANE('',#3936);
#3584=PLANE('',#3940);
#3585=PLANE('',#3941);
#3586=PLANE('',#3945);
#3587=PLANE('',#3946);
#3588=PLANE('',#3950);
#3589=PLANE('',#3951);
#3590=PLANE('',#3952);
#3591=PLANE('',#3953);
#3592=PLANE('',#3954);
#3593=PLANE('',#3955);
#3594=PLANE('',#4012);
#3595=PLANE('',#4014);
#3596=PLANE('',#4016);
#3597=PLANE('',#4018);
#3598=PLANE('',#4020);
#3599=PLANE('',#4022);
#3600=PLANE('',#4024);
#3601=PLANE('',#4026);
#3602=PLANE('',#4028);
#3603=PLANE('',#4030);
#3604=PLANE('',#4032);
#3605=PLANE('',#4034);
#3606=PLANE('',#4036);
#3607=PLANE('',#4051);
#3608=PLANE('',#4061);
#3609=PLANE('',#4062);
#3610=PLANE('',#4063);
#3611=PLANE('',#4064);
#3612=PLANE('',#4065);
#3613=PLANE('',#4068);
#3614=PLANE('',#4073);
#3615=PLANE('',#4078);
#3616=PLANE('',#4083);
#3617=PLANE('',#4086);
#3618=PLANE('',#4087);
#3619=PLANE('',#4090);
#3620=PLANE('',#4093);
#3621=PLANE('',#4096);
#3622=PLANE('',#4097);
#3623=PLANE('',#4098);
#3624=PLANE('',#4101);
#3625=PLANE('',#4104);
#3626=PLANE('',#4107);
#3627=PLANE('',#4108);
#3628=PLANE('',#4111);
#3629=PLANE('',#4112);
#3630=PLANE('',#4117);
#3631=PLANE('',#4122);
#3632=PLANE('',#4127);
#3633=PLANE('',#4132);
#3634=PLANE('',#4137);
#3635=PLANE('',#4142);
#3636=PLANE('',#4147);
#3637=PLANE('',#4152);
#3638=PLANE('',#4157);
#3639=PLANE('',#4162);
#3640=PLANE('',#4167);
#3641=PLANE('',#4172);
#3642=PLANE('',#4173);
#3643=PLANE('',#4174);
#3644=PLANE('',#4175);
#3645=PLANE('',#4176);
#3646=PLANE('',#4177);
#3647=PLANE('',#4178);
#3648=PLANE('',#4179);
#3649=PLANE('',#4180);
#3650=PLANE('',#4181);
#3651=PLANE('',#4182);
#3652=PLANE('',#4183);
#3653=PLANE('',#4184);
#3654=PLANE('',#4185);
#3655=PLANE('',#4186);
#3656=PLANE('',#4187);
#3657=PLANE('',#4188);
#3658=PLANE('',#4189);
#3659=PLANE('',#4190);
#3660=PLANE('',#4191);
#3661=PLANE('',#4192);
#3662=PLANE('',#4193);
#3663=PLANE('',#4194);
#3664=PLANE('',#4195);
#3665=PLANE('',#4196);
#3666=PLANE('',#4197);
#3667=PLANE('',#4198);
#3668=PLANE('',#4199);
#3669=PLANE('',#4200);
#3670=ADVANCED_FACE('',(#3266),#3538,.T.);
#3671=ADVANCED_FACE('',(#3267,#3268,#3269,#3270,#3271,#3272,#3273,#3274,
#3275),#3539,.T.);
#3672=ADVANCED_FACE('',(#3276),#3540,.F.);
#3673=ADVANCED_FACE('',(#3277),#3541,.T.);
#3674=ADVANCED_FACE('',(#3278),#3542,.T.);
#3675=ADVANCED_FACE('',(#3279),#3543,.F.);
#3676=ADVANCED_FACE('',(#3280),#3544,.F.);
#3677=ADVANCED_FACE('',(#3281),#3545,.T.);
#3678=ADVANCED_FACE('',(#3282),#3546,.T.);
#3679=ADVANCED_FACE('',(#3283),#3547,.F.);
#3680=ADVANCED_FACE('',(#3284),#3548,.F.);
#3681=ADVANCED_FACE('',(#3285),#3549,.T.);
#3682=ADVANCED_FACE('',(#3286),#3550,.T.);
#3683=ADVANCED_FACE('',(#3287),#3551,.F.);
#3684=ADVANCED_FACE('',(#3288),#3552,.F.);
#3685=ADVANCED_FACE('',(#3289),#3553,.T.);
#3686=ADVANCED_FACE('',(#3290),#3554,.T.);
#3687=ADVANCED_FACE('',(#3291),#3555,.F.);
#3688=ADVANCED_FACE('',(#3292),#3556,.T.);
#3689=ADVANCED_FACE('',(#3293),#3557,.F.);
#3690=ADVANCED_FACE('',(#3294),#3558,.F.);
#3691=ADVANCED_FACE('',(#3295),#3559,.T.);
#3692=ADVANCED_FACE('',(#3296),#3560,.F.);
#3693=ADVANCED_FACE('',(#3297),#3561,.T.);
#3694=ADVANCED_FACE('',(#3298),#3562,.T.);
#3695=ADVANCED_FACE('',(#3299),#3563,.F.);
#3696=ADVANCED_FACE('',(#3300),#3564,.T.);
#3697=ADVANCED_FACE('',(#3301),#3565,.F.);
#3698=ADVANCED_FACE('',(#3302),#3566,.F.);
#3699=ADVANCED_FACE('',(#3303),#3567,.T.);
#3700=ADVANCED_FACE('',(#3304),#3568,.T.);
#3701=ADVANCED_FACE('',(#3305),#3569,.F.);
#3702=ADVANCED_FACE('',(#3306),#3570,.F.);
#3703=ADVANCED_FACE('',(#3307),#3571,.T.);
#3704=ADVANCED_FACE('',(#3308),#3572,.T.);
#3705=ADVANCED_FACE('',(#3309),#3573,.F.);
#3706=ADVANCED_FACE('',(#3310),#3574,.F.);
#3707=ADVANCED_FACE('',(#3311),#3575,.T.);
#3708=ADVANCED_FACE('',(#3312),#3576,.F.);
#3709=ADVANCED_FACE('',(#3313),#3577,.F.);
#3710=ADVANCED_FACE('',(#3314),#3578,.T.);
#3711=ADVANCED_FACE('',(#3315),#3579,.F.);
#3712=ADVANCED_FACE('',(#3316),#3580,.T.);
#3713=ADVANCED_FACE('',(#3317),#3581,.F.);
#3714=ADVANCED_FACE('',(#3318,#3319),#20,.F.);
#3715=ADVANCED_FACE('',(#3320),#3582,.F.);
#3716=ADVANCED_FACE('',(#3321),#3583,.T.);
#3717=ADVANCED_FACE('',(#3322,#3323),#21,.F.);
#3718=ADVANCED_FACE('',(#3324),#3584,.F.);
#3719=ADVANCED_FACE('',(#3325),#3585,.F.);
#3720=ADVANCED_FACE('',(#3326,#3327),#22,.F.);
#3721=ADVANCED_FACE('',(#3328),#3586,.F.);
#3722=ADVANCED_FACE('',(#3329),#3587,.T.);
#3723=ADVANCED_FACE('',(#3330,#3331),#23,.F.);
#3724=ADVANCED_FACE('',(#3332),#3588,.T.);
#3725=ADVANCED_FACE('',(#3333),#3589,.F.);
#3726=ADVANCED_FACE('',(#3334),#3590,.F.);
#3727=ADVANCED_FACE('',(#3335),#3591,.F.);
#3728=ADVANCED_FACE('',(#3336),#3592,.F.);
#3729=ADVANCED_FACE('',(#3337,#3338,#3339,#3340,#3341,#3342,#3343,#3344),
#3593,.F.);
#3730=ADVANCED_FACE('',(#3345,#3346),#24,.F.);
#3731=ADVANCED_FACE('',(#3347,#3348),#25,.F.);
#3732=ADVANCED_FACE('',(#3349,#3350),#26,.F.);
#3733=ADVANCED_FACE('',(#3351,#3352),#27,.F.);
#3734=ADVANCED_FACE('',(#3353,#3354),#28,.F.);
#3735=ADVANCED_FACE('',(#3355,#3356),#29,.F.);
#3736=ADVANCED_FACE('',(#3357,#3358),#30,.F.);
#3737=ADVANCED_FACE('',(#3359,#3360),#31,.F.);
#3738=ADVANCED_FACE('',(#3361,#3362),#32,.F.);
#3739=ADVANCED_FACE('',(#3363,#3364),#33,.F.);
#3740=ADVANCED_FACE('',(#3365,#3366),#34,.F.);
#3741=ADVANCED_FACE('',(#3367,#3368),#35,.F.);
#3742=ADVANCED_FACE('',(#3369),#3594,.F.);
#3743=ADVANCED_FACE('',(#3370),#3595,.F.);
#3744=ADVANCED_FACE('',(#3371),#3596,.F.);
#3745=ADVANCED_FACE('',(#3372),#3597,.F.);
#3746=ADVANCED_FACE('',(#3373),#3598,.F.);
#3747=ADVANCED_FACE('',(#3374),#3599,.F.);
#3748=ADVANCED_FACE('',(#3375),#3600,.F.);
#3749=ADVANCED_FACE('',(#3376),#3601,.F.);
#3750=ADVANCED_FACE('',(#3377),#3602,.F.);
#3751=ADVANCED_FACE('',(#3378),#3603,.F.);
#3752=ADVANCED_FACE('',(#3379),#3604,.F.);
#3753=ADVANCED_FACE('',(#3380),#3605,.F.);
#3754=ADVANCED_FACE('',(#3381),#3606,.F.);
#3755=ADVANCED_FACE('',(#3382),#36,.F.);
#3756=ADVANCED_FACE('',(#3383),#37,.F.);
#3757=ADVANCED_FACE('',(#3384),#38,.F.);
#3758=ADVANCED_FACE('',(#3385),#39,.F.);
#3759=ADVANCED_FACE('',(#3386),#3607,.T.);
#3760=ADVANCED_FACE('',(#3387),#40,.F.);
#3761=ADVANCED_FACE('',(#3388),#41,.F.);
#3762=ADVANCED_FACE('',(#3389),#42,.F.);
#3763=ADVANCED_FACE('',(#3390),#3608,.T.);
#3764=ADVANCED_FACE('',(#3391),#3609,.F.);
#3765=ADVANCED_FACE('',(#3392),#3610,.F.);
#3766=ADVANCED_FACE('',(#3393),#3611,.T.);
#3767=ADVANCED_FACE('',(#3394),#3612,.T.);
#3768=ADVANCED_FACE('',(#3395,#3396),#43,.F.);
#3769=ADVANCED_FACE('',(#3397,#3398),#3613,.T.);
#3770=ADVANCED_FACE('',(#3399,#3400),#44,.F.);
#3771=ADVANCED_FACE('',(#3401,#3402),#45,.F.);
#3772=ADVANCED_FACE('',(#3403,#3404),#3614,.T.);
#3773=ADVANCED_FACE('',(#3405,#3406),#46,.F.);
#3774=ADVANCED_FACE('',(#3407,#3408),#47,.F.);
#3775=ADVANCED_FACE('',(#3409,#3410),#3615,.T.);
#3776=ADVANCED_FACE('',(#3411,#3412),#48,.F.);
#3777=ADVANCED_FACE('',(#3413,#3414),#49,.F.);
#3778=ADVANCED_FACE('',(#3415,#3416),#3616,.T.);
#3779=ADVANCED_FACE('',(#3417,#3418),#50,.F.);
#3780=ADVANCED_FACE('',(#3419),#3617,.T.);
#3781=ADVANCED_FACE('',(#3420),#3618,.T.);
#3782=ADVANCED_FACE('',(#3421),#51,.F.);
#3783=ADVANCED_FACE('',(#3422),#3619,.T.);
#3784=ADVANCED_FACE('',(#3423),#52,.F.);
#3785=ADVANCED_FACE('',(#3424),#3620,.T.);
#3786=ADVANCED_FACE('',(#3425),#53,.F.);
#3787=ADVANCED_FACE('',(#3426),#3621,.T.);
#3788=ADVANCED_FACE('',(#3427),#3622,.F.);
#3789=ADVANCED_FACE('',(#3428),#3623,.T.);
#3790=ADVANCED_FACE('',(#3429),#54,.F.);
#3791=ADVANCED_FACE('',(#3430,#3431),#3624,.T.);
#3792=ADVANCED_FACE('',(#3432),#55,.F.);
#3793=ADVANCED_FACE('',(#3433,#3434),#3625,.T.);
#3794=ADVANCED_FACE('',(#3435),#56,.F.);
#3795=ADVANCED_FACE('',(#3436,#3437),#3626,.T.);
#3796=ADVANCED_FACE('',(#3438,#3439),#3627,.T.);
#3797=ADVANCED_FACE('',(#3440),#57,.F.);
#3798=ADVANCED_FACE('',(#3441),#3628,.F.);
#3799=ADVANCED_FACE('',(#3442),#3629,.F.);
#3800=ADVANCED_FACE('',(#3443),#58,.F.);
#3801=ADVANCED_FACE('',(#3444),#59,.F.);
#3802=ADVANCED_FACE('',(#3445,#3446),#3630,.T.);
#3803=ADVANCED_FACE('',(#3447),#60,.F.);
#3804=ADVANCED_FACE('',(#3448),#61,.F.);
#3805=ADVANCED_FACE('',(#3449,#3450),#3631,.T.);
#3806=ADVANCED_FACE('',(#3451),#62,.F.);
#3807=ADVANCED_FACE('',(#3452),#63,.F.);
#3808=ADVANCED_FACE('',(#3453,#3454),#3632,.T.);
#3809=ADVANCED_FACE('',(#3455),#64,.F.);
#3810=ADVANCED_FACE('',(#3456),#65,.F.);
#3811=ADVANCED_FACE('',(#3457,#3458),#3633,.T.);
#3812=ADVANCED_FACE('',(#3459),#66,.F.);
#3813=ADVANCED_FACE('',(#3460),#67,.F.);
#3814=ADVANCED_FACE('',(#3461,#3462),#3634,.T.);
#3815=ADVANCED_FACE('',(#3463),#68,.F.);
#3816=ADVANCED_FACE('',(#3464),#69,.F.);
#3817=ADVANCED_FACE('',(#3465,#3466),#3635,.T.);
#3818=ADVANCED_FACE('',(#3467),#70,.F.);
#3819=ADVANCED_FACE('',(#3468),#71,.F.);
#3820=ADVANCED_FACE('',(#3469,#3470),#3636,.T.);
#3821=ADVANCED_FACE('',(#3471),#72,.F.);
#3822=ADVANCED_FACE('',(#3472),#73,.F.);
#3823=ADVANCED_FACE('',(#3473,#3474),#3637,.T.);
#3824=ADVANCED_FACE('',(#3475),#74,.F.);
#3825=ADVANCED_FACE('',(#3476),#75,.F.);
#3826=ADVANCED_FACE('',(#3477,#3478),#3638,.T.);
#3827=ADVANCED_FACE('',(#3479),#76,.F.);
#3828=ADVANCED_FACE('',(#3480),#77,.F.);
#3829=ADVANCED_FACE('',(#3481,#3482),#3639,.T.);
#3830=ADVANCED_FACE('',(#3483),#78,.F.);
#3831=ADVANCED_FACE('',(#3484),#79,.F.);
#3832=ADVANCED_FACE('',(#3485,#3486),#3640,.T.);
#3833=ADVANCED_FACE('',(#3487),#80,.F.);
#3834=ADVANCED_FACE('',(#3488),#81,.F.);
#3835=ADVANCED_FACE('',(#3489,#3490),#3641,.T.);
#3836=ADVANCED_FACE('',(#3491),#3642,.F.);
#3837=ADVANCED_FACE('',(#3492),#3643,.F.);
#3838=ADVANCED_FACE('',(#3493,#3494,#3495,#3496,#3497,#3498),#3644,.T.);
#3839=ADVANCED_FACE('',(#3499),#3645,.F.);
#3840=ADVANCED_FACE('',(#3500,#3501,#3502,#3503,#3504,#3505),#3646,.T.);
#3841=ADVANCED_FACE('',(#3506),#3647,.F.);
#3842=ADVANCED_FACE('',(#3507),#3648,.F.);
#3843=ADVANCED_FACE('',(#3508),#3649,.F.);
#3844=ADVANCED_FACE('',(#3509),#3650,.F.);
#3845=ADVANCED_FACE('',(#3510,#3511,#3512,#3513,#3514,#3515),#3651,.T.);
#3846=ADVANCED_FACE('',(#3516),#3652,.F.);
#3847=ADVANCED_FACE('',(#3517),#3653,.F.);
#3848=ADVANCED_FACE('',(#3518),#3654,.F.);
#3849=ADVANCED_FACE('',(#3519),#3655,.T.);
#3850=ADVANCED_FACE('',(#3520),#3656,.T.);
#3851=ADVANCED_FACE('',(#3521),#3657,.T.);
#3852=ADVANCED_FACE('',(#3522),#3658,.T.);
#3853=ADVANCED_FACE('',(#3523,#3524,#3525,#3526,#3527),#3659,.T.);
#3854=ADVANCED_FACE('',(#3528),#3660,.F.);
#3855=ADVANCED_FACE('',(#3529),#3661,.F.);
#3856=ADVANCED_FACE('',(#3530),#3662,.T.);
#3857=ADVANCED_FACE('',(#3531),#3663,.F.);
#3858=ADVANCED_FACE('',(#3532),#3664,.T.);
#3859=ADVANCED_FACE('',(#3533),#3665,.F.);
#3860=ADVANCED_FACE('',(#3534),#3666,.T.);
#3861=ADVANCED_FACE('',(#3535),#3667,.T.);
#3862=ADVANCED_FACE('',(#3536),#3668,.T.);
#3863=ADVANCED_FACE('',(#3537),#3669,.T.);
#3864=CLOSED_SHELL('',(#3670,#3671,#3672,#3673,#3674,#3675,#3676,#3677,
#3678,#3679,#3680,#3681,#3682,#3683,#3684,#3685,#3686,#3687,#3688,#3689,
#3690,#3691,#3692,#3693,#3694,#3695,#3696,#3697,#3698,#3699,#3700,#3701,
#3702,#3703,#3704,#3705,#3706,#3707,#3708,#3709,#3710,#3711,#3712,#3713,
#3714,#3715,#3716,#3717,#3718,#3719,#3720,#3721,#3722,#3723,#3724,#3725,
#3726,#3727,#3728,#3729,#3730,#3731,#3732,#3733,#3734,#3735,#3736,#3737,
#3738,#3739,#3740,#3741,#3742,#3743,#3744,#3745,#3746,#3747,#3748,#3749,
#3750,#3751,#3752,#3753,#3754,#3755,#3756,#3757,#3758,#3759,#3760,#3761,
#3762,#3763,#3764,#3765,#3766,#3767,#3768,#3769,#3770,#3771,#3772,#3773,
#3774,#3775,#3776,#3777,#3778,#3779,#3780,#3781,#3782,#3783,#3784,#3785,
#3786,#3787,#3788,#3789,#3790,#3791,#3792,#3793,#3794,#3795,#3796,#3797,
#3798,#3799,#3800,#3801,#3802,#3803,#3804,#3805,#3806,#3807,#3808,#3809,
#3810,#3811,#3812,#3813,#3814,#3815,#3816,#3817,#3818,#3819,#3820,#3821,
#3822,#3823,#3824,#3825,#3826,#3827,#3828,#3829,#3830,#3831,#3832,#3833,
#3834,#3835,#3836,#3837,#3838,#3839,#3840,#3841,#3842,#3843,#3844,#3845,
#3846,#3847,#3848,#3849,#3850,#3851,#3852,#3853,#3854,#3855,#3856,#3857,
#3858,#3859,#3860,#3861,#3862,#3863));
#3865=STYLED_ITEM('',(#3866),#3873);
#3866=PRESENTATION_STYLE_ASSIGNMENT((#3867));
#3867=SURFACE_STYLE_USAGE(.BOTH.,#3868);
#3868=SURFACE_SIDE_STYLE('',(#3869));
#3869=SURFACE_STYLE_FILL_AREA(#3870);
#3870=FILL_AREA_STYLE('',(#3871));
#3871=FILL_AREA_STYLE_COLOUR('',#3872);
#3872=COLOUR_RGB('',0.615686274509804,0.811764705882353,0.929411764705882);
#3873=MANIFOLD_SOLID_BREP('Base',#3864);
#3874=SHAPE_DEFINITION_REPRESENTATION(#6362,#3875);
#3875=SHAPE_REPRESENTATION('Base',(#3876),#6357);
#3876=AXIS2_PLACEMENT_3D('',#5255,#4201,#4202);
#3877=AXIS2_PLACEMENT_3D('',#5256,#4203,#4204);
#3878=AXIS2_PLACEMENT_3D('',#5273,#4213,#4214);
#3879=AXIS2_PLACEMENT_3D('',#5298,#4227,#4228);
#3880=AXIS2_PLACEMENT_3D('',#5300,#4229,#4230);
#3881=AXIS2_PLACEMENT_3D('',#5302,#4231,#4232);
#3882=AXIS2_PLACEMENT_3D('',#5304,#4233,#4234);
#3883=AXIS2_PLACEMENT_3D('',#5306,#4235,#4236);
#3884=AXIS2_PLACEMENT_3D('',#5309,#4237,#4238);
#3885=AXIS2_PLACEMENT_3D('',#5311,#4239,#4240);
#3886=AXIS2_PLACEMENT_3D('',#5313,#4241,#4242);
#3887=AXIS2_PLACEMENT_3D('',#5315,#4243,#4244);
#3888=AXIS2_PLACEMENT_3D('',#5317,#4245,#4246);
#3889=AXIS2_PLACEMENT_3D('',#5319,#4247,#4248);
#3890=AXIS2_PLACEMENT_3D('',#5365,#4272,#4273);
#3891=AXIS2_PLACEMENT_3D('',#5382,#4282,#4283);
#3892=AXIS2_PLACEMENT_3D('',#5396,#4291,#4292);
#3893=AXIS2_PLACEMENT_3D('',#5413,#4301,#4302);
#3894=AXIS2_PLACEMENT_3D('',#5427,#4310,#4311);
#3895=AXIS2_PLACEMENT_3D('',#5444,#4320,#4321);
#3896=AXIS2_PLACEMENT_3D('',#5458,#4329,#4330);
#3897=AXIS2_PLACEMENT_3D('',#5475,#4339,#4340);
#3898=AXIS2_PLACEMENT_3D('',#5489,#4348,#4349);
#3899=AXIS2_PLACEMENT_3D('',#5506,#4358,#4359);
#3900=AXIS2_PLACEMENT_3D('',#5520,#4367,#4368);
#3901=AXIS2_PLACEMENT_3D('',#5537,#4377,#4378);
#3902=AXIS2_PLACEMENT_3D('',#5551,#4386,#4387);
#3903=AXIS2_PLACEMENT_3D('',#5568,#4396,#4397);
#3904=AXIS2_PLACEMENT_3D('',#5582,#4405,#4406);
#3905=AXIS2_PLACEMENT_3D('',#5599,#4415,#4416);
#3906=AXIS2_PLACEMENT_3D('',#5613,#4424,#4425);
#3907=AXIS2_PLACEMENT_3D('',#5630,#4434,#4435);
#3908=AXIS2_PLACEMENT_3D('',#5644,#4443,#4444);
#3909=AXIS2_PLACEMENT_3D('',#5661,#4453,#4454);
#3910=AXIS2_PLACEMENT_3D('',#5675,#4462,#4463);
#3911=AXIS2_PLACEMENT_3D('',#5692,#4472,#4473);
#3912=AXIS2_PLACEMENT_3D('',#5706,#4481,#4482);
#3913=AXIS2_PLACEMENT_3D('',#5723,#4491,#4492);
#3914=AXIS2_PLACEMENT_3D('',#5737,#4500,#4501);
#3915=AXIS2_PLACEMENT_3D('',#5740,#4504,#4505);
#3916=AXIS2_PLACEMENT_3D('',#5743,#4508,#4509);
#3917=AXIS2_PLACEMENT_3D('',#5746,#4512,#4513);
#3918=AXIS2_PLACEMENT_3D('',#5749,#4516,#4517);
#3919=AXIS2_PLACEMENT_3D('',#5752,#4520,#4521);
#3920=AXIS2_PLACEMENT_3D('',#5755,#4524,#4525);
#3921=AXIS2_PLACEMENT_3D('',#5758,#4528,#4529);
#3922=AXIS2_PLACEMENT_3D('',#5761,#4532,#4533);
#3923=AXIS2_PLACEMENT_3D('',#5764,#4536,#4537);
#3924=AXIS2_PLACEMENT_3D('',#5767,#4540,#4541);
#3925=AXIS2_PLACEMENT_3D('',#5770,#4544,#4545);
#3926=AXIS2_PLACEMENT_3D('',#5773,#4548,#4549);
#3927=AXIS2_PLACEMENT_3D('',#5782,#4554,#4555);
#3928=AXIS2_PLACEMENT_3D('',#5791,#4560,#4561);
#3929=AXIS2_PLACEMENT_3D('',#5800,#4566,#4567);
#3930=AXIS2_PLACEMENT_3D('',#5809,#4572,#4573);
#3931=AXIS2_PLACEMENT_3D('',#5819,#4579,#4580);
#3932=AXIS2_PLACEMENT_3D('',#5826,#4585,#4586);
#3933=AXIS2_PLACEMENT_3D('',#5827,#4587,#4588);
#3934=AXIS2_PLACEMENT_3D('',#5829,#4589,#4590);
#3935=AXIS2_PLACEMENT_3D('',#5831,#4591,#4592);
#3936=AXIS2_PLACEMENT_3D('',#5841,#4598,#4599);
#3937=AXIS2_PLACEMENT_3D('',#5848,#4604,#4605);
#3938=AXIS2_PLACEMENT_3D('',#5849,#4606,#4607);
#3939=AXIS2_PLACEMENT_3D('',#5851,#4608,#4609);
#3940=AXIS2_PLACEMENT_3D('',#5853,#4610,#4611);
#3941=AXIS2_PLACEMENT_3D('',#5866,#4618,#4619);
#3942=AXIS2_PLACEMENT_3D('',#5873,#4624,#4625);
#3943=AXIS2_PLACEMENT_3D('',#5874,#4626,#4627);
#3944=AXIS2_PLACEMENT_3D('',#5876,#4628,#4629);
#3945=AXIS2_PLACEMENT_3D('',#5878,#4630,#4631);
#3946=AXIS2_PLACEMENT_3D('',#5891,#4638,#4639);
#3947=AXIS2_PLACEMENT_3D('',#5898,#4644,#4645);
#3948=AXIS2_PLACEMENT_3D('',#5899,#4646,#4647);
#3949=AXIS2_PLACEMENT_3D('',#5901,#4648,#4649);
#3950=AXIS2_PLACEMENT_3D('',#5903,#4650,#4651);
#3951=AXIS2_PLACEMENT_3D('',#5906,#4654,#4655);
#3952=AXIS2_PLACEMENT_3D('',#5912,#4659,#4660);
#3953=AXIS2_PLACEMENT_3D('',#5916,#4663,#4664);
#3954=AXIS2_PLACEMENT_3D('',#5922,#4668,#4669);
#3955=AXIS2_PLACEMENT_3D('',#5926,#4672,#4673);
#3956=AXIS2_PLACEMENT_3D('',#5927,#4674,#4675);
#3957=AXIS2_PLACEMENT_3D('',#5928,#4676,#4677);
#3958=AXIS2_PLACEMENT_3D('',#5929,#4678,#4679);
#3959=AXIS2_PLACEMENT_3D('',#5930,#4680,#4681);
#3960=AXIS2_PLACEMENT_3D('',#5931,#4682,#4683);
#3961=AXIS2_PLACEMENT_3D('',#5932,#4684,#4685);
#3962=AXIS2_PLACEMENT_3D('',#5933,#4686,#4687);
#3963=AXIS2_PLACEMENT_3D('',#5934,#4688,#4689);
#3964=AXIS2_PLACEMENT_3D('',#5935,#4690,#4691);
#3965=AXIS2_PLACEMENT_3D('',#5937,#4692,#4693);
#3966=AXIS2_PLACEMENT_3D('',#5939,#4694,#4695);
#3967=AXIS2_PLACEMENT_3D('',#5941,#4696,#4697);
#3968=AXIS2_PLACEMENT_3D('',#5943,#4698,#4699);
#3969=AXIS2_PLACEMENT_3D('',#5944,#4700,#4701);
#3970=AXIS2_PLACEMENT_3D('',#5945,#4702,#4703);
#3971=AXIS2_PLACEMENT_3D('',#5946,#4704,#4705);
#3972=AXIS2_PLACEMENT_3D('',#5961,#4713,#4714);
#3973=AXIS2_PLACEMENT_3D('',#5962,#4715,#4716);
#3974=AXIS2_PLACEMENT_3D('',#5963,#4717,#4718);
#3975=AXIS2_PLACEMENT_3D('',#5964,#4719,#4720);
#3976=AXIS2_PLACEMENT_3D('',#5975,#4727,#4728);
#3977=AXIS2_PLACEMENT_3D('',#5976,#4729,#4730);
#3978=AXIS2_PLACEMENT_3D('',#5978,#4731,#4732);
#3979=AXIS2_PLACEMENT_3D('',#5980,#4733,#4734);
#3980=AXIS2_PLACEMENT_3D('',#5981,#4735,#4736);
#3981=AXIS2_PLACEMENT_3D('',#5983,#4737,#4738);
#3982=AXIS2_PLACEMENT_3D('',#5985,#4739,#4740);
#3983=AXIS2_PLACEMENT_3D('',#5986,#4741,#4742);
#3984=AXIS2_PLACEMENT_3D('',#5988,#4743,#4744);
#3985=AXIS2_PLACEMENT_3D('',#5990,#4745,#4746);
#3986=AXIS2_PLACEMENT_3D('',#5991,#4747,#4748);
#3987=AXIS2_PLACEMENT_3D('',#5993,#4749,#4750);
#3988=AXIS2_PLACEMENT_3D('',#5995,#4751,#4752);
#3989=AXIS2_PLACEMENT_3D('',#5996,#4753,#4754);
#3990=AXIS2_PLACEMENT_3D('',#5998,#4755,#4756);
#3991=AXIS2_PLACEMENT_3D('',#6000,#4757,#4758);
#3992=AXIS2_PLACEMENT_3D('',#6001,#4759,#4760);
#3993=AXIS2_PLACEMENT_3D('',#6003,#4761,#4762);
#3994=AXIS2_PLACEMENT_3D('',#6005,#4763,#4764);
#3995=AXIS2_PLACEMENT_3D('',#6006,#4765,#4766);
#3996=AXIS2_PLACEMENT_3D('',#6008,#4767,#4768);
#3997=AXIS2_PLACEMENT_3D('',#6010,#4769,#4770);
#3998=AXIS2_PLACEMENT_3D('',#6011,#4771,#4772);
#3999=AXIS2_PLACEMENT_3D('',#6013,#4773,#4774);
#4000=AXIS2_PLACEMENT_3D('',#6015,#4775,#4776);
#4001=AXIS2_PLACEMENT_3D('',#6016,#4777,#4778);
#4002=AXIS2_PLACEMENT_3D('',#6018,#4779,#4780);
#4003=AXIS2_PLACEMENT_3D('',#6020,#4781,#4782);
#4004=AXIS2_PLACEMENT_3D('',#6021,#4783,#4784);
#4005=AXIS2_PLACEMENT_3D('',#6023,#4785,#4786);
#4006=AXIS2_PLACEMENT_3D('',#6025,#4787,#4788);
#4007=AXIS2_PLACEMENT_3D('',#6026,#4789,#4790);
#4008=AXIS2_PLACEMENT_3D('',#6028,#4791,#4792);
#4009=AXIS2_PLACEMENT_3D('',#6030,#4793,#4794);
#4010=AXIS2_PLACEMENT_3D('',#6031,#4795,#4796);
#4011=AXIS2_PLACEMENT_3D('',#6033,#4797,#4798);
#4012=AXIS2_PLACEMENT_3D('',#6035,#4799,#4800);
#4013=AXIS2_PLACEMENT_3D('',#6036,#4801,#4802);
#4014=AXIS2_PLACEMENT_3D('',#6037,#4803,#4804);
#4015=AXIS2_PLACEMENT_3D('',#6038,#4805,#4806);
#4016=AXIS2_PLACEMENT_3D('',#6039,#4807,#4808);
#4017=AXIS2_PLACEMENT_3D('',#6040,#4809,#4810);
#4018=AXIS2_PLACEMENT_3D('',#6041,#4811,#4812);
#4019=AXIS2_PLACEMENT_3D('',#6042,#4813,#4814);
#4020=AXIS2_PLACEMENT_3D('',#6043,#4815,#4816);
#4021=AXIS2_PLACEMENT_3D('',#6044,#4817,#4818);
#4022=AXIS2_PLACEMENT_3D('',#6045,#4819,#4820);
#4023=AXIS2_PLACEMENT_3D('',#6046,#4821,#4822);
#4024=AXIS2_PLACEMENT_3D('',#6047,#4823,#4824);
#4025=AXIS2_PLACEMENT_3D('',#6048,#4825,#4826);
#4026=AXIS2_PLACEMENT_3D('',#6049,#4827,#4828);
#4027=AXIS2_PLACEMENT_3D('',#6050,#4829,#4830);
#4028=AXIS2_PLACEMENT_3D('',#6051,#4831,#4832);
#4029=AXIS2_PLACEMENT_3D('',#6052,#4833,#4834);
#4030=AXIS2_PLACEMENT_3D('',#6053,#4835,#4836);
#4031=AXIS2_PLACEMENT_3D('',#6054,#4837,#4838);
#4032=AXIS2_PLACEMENT_3D('',#6055,#4839,#4840);
#4033=AXIS2_PLACEMENT_3D('',#6056,#4841,#4842);
#4034=AXIS2_PLACEMENT_3D('',#6057,#4843,#4844);
#4035=AXIS2_PLACEMENT_3D('',#6058,#4845,#4846);
#4036=AXIS2_PLACEMENT_3D('',#6059,#4847,#4848);
#4037=AXIS2_PLACEMENT_3D('',#6062,#4851,#4852);
#4038=AXIS2_PLACEMENT_3D('',#6063,#4853,#4854);
#4039=AXIS2_PLACEMENT_3D('',#6068,#4856,#4857);
#4040=AXIS2_PLACEMENT_3D('',#6073,#4860,#4861);
#4041=AXIS2_PLACEMENT_3D('',#6076,#4863,#4864);
#4042=AXIS2_PLACEMENT_3D('',#6079,#4866,#4867);
#4043=AXIS2_PLACEMENT_3D('',#6083,#4869,#4870);
#4044=AXIS2_PLACEMENT_3D('',#6086,#4872,#4873);
#4045=AXIS2_PLACEMENT_3D('',#6087,#4874,#4875);
#4046=AXIS2_PLACEMENT_3D('',#6092,#4877,#4878);
#4047=AXIS2_PLACEMENT_3D('',#6097,#4881,#4882);
#4048=AXIS2_PLACEMENT_3D('',#6100,#4884,#4885);
#4049=AXIS2_PLACEMENT_3D('',#6101,#4886,#4887);
#4050=AXIS2_PLACEMENT_3D('',#6105,#4889,#4890);
#4051=AXIS2_PLACEMENT_3D('',#6108,#4892,#4893);
#4052=AXIS2_PLACEMENT_3D('',#6117,#4899,#4900);
#4053=AXIS2_PLACEMENT_3D('',#6118,#4901,#4902);
#4054=AXIS2_PLACEMENT_3D('',#6119,#4903,#4904);
#4055=AXIS2_PLACEMENT_3D('',#6120,#4905,#4906);
#4056=AXIS2_PLACEMENT_3D('',#6121,#4907,#4908);
#4057=AXIS2_PLACEMENT_3D('',#6122,#4909,#4910);
#4058=AXIS2_PLACEMENT_3D('',#6123,#4911,#4912);
#4059=AXIS2_PLACEMENT_3D('',#6124,#4913,#4914);
#4060=AXIS2_PLACEMENT_3D('',#6125,#4915,#4916);
#4061=AXIS2_PLACEMENT_3D('',#6126,#4917,#4918);
#4062=AXIS2_PLACEMENT_3D('',#6130,#4922,#4923);
#4063=AXIS2_PLACEMENT_3D('',#6132,#4925,#4926);
#4064=AXIS2_PLACEMENT_3D('',#6134,#4928,#4929);
#4065=AXIS2_PLACEMENT_3D('',#6135,#4930,#4931);
#4066=AXIS2_PLACEMENT_3D('',#6137,#4933,#4934);
#4067=AXIS2_PLACEMENT_3D('',#6138,#4935,#4936);
#4068=AXIS2_PLACEMENT_3D('',#6140,#4937,#4938);
#4069=AXIS2_PLACEMENT_3D('',#6141,#4939,#4940);
#4070=AXIS2_PLACEMENT_3D('',#6143,#4941,#4942);
#4071=AXIS2_PLACEMENT_3D('',#6144,#4943,#4944);
#4072=AXIS2_PLACEMENT_3D('',#6145,#4945,#4946);
#4073=AXIS2_PLACEMENT_3D('',#6147,#4947,#4948);
#4074=AXIS2_PLACEMENT_3D('',#6148,#4949,#4950);
#4075=AXIS2_PLACEMENT_3D('',#6150,#4951,#4952);
#4076=AXIS2_PLACEMENT_3D('',#6151,#4953,#4954);
#4077=AXIS2_PLACEMENT_3D('',#6152,#4955,#4956);
#4078=AXIS2_PLACEMENT_3D('',#6154,#4957,#4958);
#4079=AXIS2_PLACEMENT_3D('',#6155,#4959,#4960);
#4080=AXIS2_PLACEMENT_3D('',#6157,#4961,#4962);
#4081=AXIS2_PLACEMENT_3D('',#6158,#4963,#4964);
#4082=AXIS2_PLACEMENT_3D('',#6159,#4965,#4966);
#4083=AXIS2_PLACEMENT_3D('',#6161,#4967,#4968);
#4084=AXIS2_PLACEMENT_3D('',#6162,#4969,#4970);
#4085=AXIS2_PLACEMENT_3D('',#6164,#4971,#4972);
#4086=AXIS2_PLACEMENT_3D('',#6165,#4973,#4974);
#4087=AXIS2_PLACEMENT_3D('',#6166,#4975,#4976);
#4088=AXIS2_PLACEMENT_3D('',#6167,#4977,#4978);
#4089=AXIS2_PLACEMENT_3D('',#6168,#4979,#4980);
#4090=AXIS2_PLACEMENT_3D('',#6169,#4981,#4982);
#4091=AXIS2_PLACEMENT_3D('',#6170,#4983,#4984);
#4092=AXIS2_PLACEMENT_3D('',#6171,#4985,#4986);
#4093=AXIS2_PLACEMENT_3D('',#6172,#4987,#4988);
#4094=AXIS2_PLACEMENT_3D('',#6173,#4989,#4990);
#4095=AXIS2_PLACEMENT_3D('',#6174,#4991,#4992);
#4096=AXIS2_PLACEMENT_3D('',#6175,#4993,#4994);
#4097=AXIS2_PLACEMENT_3D('',#6183,#4999,#5000);
#4098=AXIS2_PLACEMENT_3D('',#6187,#5003,#5004);
#4099=AXIS2_PLACEMENT_3D('',#6191,#5007,#5008);
#4100=AXIS2_PLACEMENT_3D('',#6192,#5009,#5010);
#4101=AXIS2_PLACEMENT_3D('',#6193,#5011,#5012);
#4102=AXIS2_PLACEMENT_3D('',#6194,#5013,#5014);
#4103=AXIS2_PLACEMENT_3D('',#6195,#5015,#5016);
#4104=AXIS2_PLACEMENT_3D('',#6196,#5017,#5018);
#4105=AXIS2_PLACEMENT_3D('',#6197,#5019,#5020);
#4106=AXIS2_PLACEMENT_3D('',#6198,#5021,#5022);
#4107=AXIS2_PLACEMENT_3D('',#6199,#5023,#5024);
#4108=AXIS2_PLACEMENT_3D('',#6200,#5025,#5026);
#4109=AXIS2_PLACEMENT_3D('',#6201,#5027,#5028);
#4110=AXIS2_PLACEMENT_3D('',#6202,#5029,#5030);
#4111=AXIS2_PLACEMENT_3D('',#6203,#5031,#5032);
#4112=AXIS2_PLACEMENT_3D('',#6209,#5036,#5037);
#4113=AXIS2_PLACEMENT_3D('',#6215,#5041,#5042);
#4114=AXIS2_PLACEMENT_3D('',#6216,#5043,#5044);
#4115=AXIS2_PLACEMENT_3D('',#6217,#5045,#5046);
#4116=AXIS2_PLACEMENT_3D('',#6218,#5047,#5048);
#4117=AXIS2_PLACEMENT_3D('',#6219,#5049,#5050);
#4118=AXIS2_PLACEMENT_3D('',#6220,#5051,#5052);
#4119=AXIS2_PLACEMENT_3D('',#6221,#5053,#5054);
#4120=AXIS2_PLACEMENT_3D('',#6222,#5055,#5056);
#4121=AXIS2_PLACEMENT_3D('',#6223,#5057,#5058);
#4122=AXIS2_PLACEMENT_3D('',#6224,#5059,#5060);
#4123=AXIS2_PLACEMENT_3D('',#6225,#5061,#5062);
#4124=AXIS2_PLACEMENT_3D('',#6226,#5063,#5064);
#4125=AXIS2_PLACEMENT_3D('',#6227,#5065,#5066);
#4126=AXIS2_PLACEMENT_3D('',#6228,#5067,#5068);
#4127=AXIS2_PLACEMENT_3D('',#6229,#5069,#5070);
#4128=AXIS2_PLACEMENT_3D('',#6230,#5071,#5072);
#4129=AXIS2_PLACEMENT_3D('',#6231,#5073,#5074);
#4130=AXIS2_PLACEMENT_3D('',#6232,#5075,#5076);
#4131=AXIS2_PLACEMENT_3D('',#6233,#5077,#5078);
#4132=AXIS2_PLACEMENT_3D('',#6234,#5079,#5080);
#4133=AXIS2_PLACEMENT_3D('',#6235,#5081,#5082);
#4134=AXIS2_PLACEMENT_3D('',#6236,#5083,#5084);
#4135=AXIS2_PLACEMENT_3D('',#6237,#5085,#5086);
#4136=AXIS2_PLACEMENT_3D('',#6238,#5087,#5088);
#4137=AXIS2_PLACEMENT_3D('',#6239,#5089,#5090);
#4138=AXIS2_PLACEMENT_3D('',#6240,#5091,#5092);
#4139=AXIS2_PLACEMENT_3D('',#6241,#5093,#5094);
#4140=AXIS2_PLACEMENT_3D('',#6242,#5095,#5096);
#4141=AXIS2_PLACEMENT_3D('',#6243,#5097,#5098);
#4142=AXIS2_PLACEMENT_3D('',#6244,#5099,#5100);
#4143=AXIS2_PLACEMENT_3D('',#6245,#5101,#5102);
#4144=AXIS2_PLACEMENT_3D('',#6246,#5103,#5104);
#4145=AXIS2_PLACEMENT_3D('',#6247,#5105,#5106);
#4146=AXIS2_PLACEMENT_3D('',#6248,#5107,#5108);
#4147=AXIS2_PLACEMENT_3D('',#6249,#5109,#5110);
#4148=AXIS2_PLACEMENT_3D('',#6250,#5111,#5112);
#4149=AXIS2_PLACEMENT_3D('',#6251,#5113,#5114);
#4150=AXIS2_PLACEMENT_3D('',#6252,#5115,#5116);
#4151=AXIS2_PLACEMENT_3D('',#6253,#5117,#5118);
#4152=AXIS2_PLACEMENT_3D('',#6254,#5119,#5120);
#4153=AXIS2_PLACEMENT_3D('',#6255,#5121,#5122);
#4154=AXIS2_PLACEMENT_3D('',#6256,#5123,#5124);
#4155=AXIS2_PLACEMENT_3D('',#6257,#5125,#5126);
#4156=AXIS2_PLACEMENT_3D('',#6258,#5127,#5128);
#4157=AXIS2_PLACEMENT_3D('',#6259,#5129,#5130);
#4158=AXIS2_PLACEMENT_3D('',#6260,#5131,#5132);
#4159=AXIS2_PLACEMENT_3D('',#6261,#5133,#5134);
#4160=AXIS2_PLACEMENT_3D('',#6262,#5135,#5136);
#4161=AXIS2_PLACEMENT_3D('',#6263,#5137,#5138);
#4162=AXIS2_PLACEMENT_3D('',#6264,#5139,#5140);
#4163=AXIS2_PLACEMENT_3D('',#6265,#5141,#5142);
#4164=AXIS2_PLACEMENT_3D('',#6266,#5143,#5144);
#4165=AXIS2_PLACEMENT_3D('',#6267,#5145,#5146);
#4166=AXIS2_PLACEMENT_3D('',#6268,#5147,#5148);
#4167=AXIS2_PLACEMENT_3D('',#6269,#5149,#5150);
#4168=AXIS2_PLACEMENT_3D('',#6270,#5151,#5152);
#4169=AXIS2_PLACEMENT_3D('',#6271,#5153,#5154);
#4170=AXIS2_PLACEMENT_3D('',#6272,#5155,#5156);
#4171=AXIS2_PLACEMENT_3D('',#6273,#5157,#5158);
#4172=AXIS2_PLACEMENT_3D('',#6274,#5159,#5160);
#4173=AXIS2_PLACEMENT_3D('',#6275,#5161,#5162);
#4174=AXIS2_PLACEMENT_3D('',#6279,#5165,#5166);
#4175=AXIS2_PLACEMENT_3D('',#6283,#5169,#5170);
#4176=AXIS2_PLACEMENT_3D('',#6291,#5175,#5176);
#4177=AXIS2_PLACEMENT_3D('',#6294,#5179,#5180);
#4178=AXIS2_PLACEMENT_3D('',#6302,#5185,#5186);
#4179=AXIS2_PLACEMENT_3D('',#6305,#5189,#5190);
#4180=AXIS2_PLACEMENT_3D('',#6311,#5194,#5195);
#4181=AXIS2_PLACEMENT_3D('',#6317,#5199,#5200);
#4182=AXIS2_PLACEMENT_3D('',#6319,#5202,#5203);
#4183=AXIS2_PLACEMENT_3D('',#6327,#5208,#5209);
#4184=AXIS2_PLACEMENT_3D('',#6330,#5212,#5213);
#4185=AXIS2_PLACEMENT_3D('',#6332,#5215,#5216);
#4186=AXIS2_PLACEMENT_3D('',#6333,#5217,#5218);
#4187=AXIS2_PLACEMENT_3D('',#6335,#5220,#5221);
#4188=AXIS2_PLACEMENT_3D('',#6336,#5222,#5223);
#4189=AXIS2_PLACEMENT_3D('',#6338,#5225,#5226);
#4190=AXIS2_PLACEMENT_3D('',#6339,#5227,#5228);
#4191=AXIS2_PLACEMENT_3D('',#6343,#5232,#5233);
#4192=AXIS2_PLACEMENT_3D('',#6344,#5234,#5235);
#4193=AXIS2_PLACEMENT_3D('',#6345,#5236,#5237);
#4194=AXIS2_PLACEMENT_3D('',#6346,#5238,#5239);
#4195=AXIS2_PLACEMENT_3D('',#6347,#5240,#5241);
#4196=AXIS2_PLACEMENT_3D('',#6348,#5242,#5243);
#4197=AXIS2_PLACEMENT_3D('',#6349,#5244,#5245);
#4198=AXIS2_PLACEMENT_3D('',#6351,#5247,#5248);
#4199=AXIS2_PLACEMENT_3D('',#6353,#5250,#5251);
#4200=AXIS2_PLACEMENT_3D('',#6355,#5253,#5254);
#4201=DIRECTION('',(0.,0.,1.));
#4202=DIRECTION('',(1.,0.,0.));
#4203=DIRECTION('',(-1.,3.1540426835942E-16,0.));
#4204=DIRECTION('',(-3.1540426835942E-16,-1.,0.));
#4205=DIRECTION('',(-3.1540426835942E-16,-1.,0.));
#4206=DIRECTION('',(0.,0.,-1.));
#4207=DIRECTION('',(3.1540426835942E-16,1.,0.));
#4208=DIRECTION('',(0.,0.,-1.));
#4209=DIRECTION('',(-1.95855876319962E-16,-1.,0.));
#4210=DIRECTION('',(0.,0.,-1.));
#4211=DIRECTION('',(-3.1540426835942E-16,-1.,0.));
#4212=DIRECTION('',(0.,0.,-1.));
#4213=DIRECTION('',(0.,0.,1.));
#4214=DIRECTION('',(1.,0.,0.));
#4215=DIRECTION('',(-1.,0.,0.));
#4216=DIRECTION('',(0.,1.,0.));
#4217=DIRECTION('',(-1.,-1.38777878078145E-16,0.));
#4218=DIRECTION('',(-1.38777878078145E-16,1.,0.));
#4219=DIRECTION('',(-1.,-1.38777878078145E-16,0.));
#4220=DIRECTION('',(-1.38777878078145E-16,1.,0.));
#4221=DIRECTION('',(-1.,-1.38777878078145E-16,0.));
#4222=DIRECTION('',(0.,1.,0.));
#4223=DIRECTION('',(-1.,0.,0.));
#4224=DIRECTION('',(0.,1.,0.));
#4225=DIRECTION('',(-1.,0.,0.));
#4226=DIRECTION('',(0.,-1.,0.));
#4227=DIRECTION('',(0.,0.,1.));
#4228=DIRECTION('',(1.,0.,0.));
#4229=DIRECTION('',(0.,0.,1.));
#4230=DIRECTION('',(1.,0.,0.));
#4231=DIRECTION('',(0.,0.,1.));
#4232=DIRECTION('',(1.,0.,0.));
#4233=DIRECTION('',(0.,0.,1.));
#4234=DIRECTION('',(1.,0.,0.));
#4235=DIRECTION('',(0.,0.,1.));
#4236=DIRECTION('',(1.,0.,0.));
#4237=DIRECTION('',(0.,0.,-1.));
#4238=DIRECTION('',(-1.,0.,0.));
#4239=DIRECTION('',(0.,0.,1.));
#4240=DIRECTION('',(1.,0.,0.));
#4241=DIRECTION('',(0.,0.,-1.));
#4242=DIRECTION('',(-1.,0.,0.));
#4243=DIRECTION('',(0.,0.,1.));
#4244=DIRECTION('',(1.,0.,0.));
#4245=DIRECTION('',(0.,0.,-1.));
#4246=DIRECTION('',(-1.,0.,0.));
#4247=DIRECTION('',(0.,0.,1.));
#4248=DIRECTION('',(1.,0.,0.));
#4249=DIRECTION('',(-1.,0.,0.));
#4250=DIRECTION('',(2.36553201269565E-16,1.,0.));
#4251=DIRECTION('',(-1.,-9.22351288526998E-14,0.));
#4252=DIRECTION('',(0.,-1.,0.));
#4253=DIRECTION('',(1.,2.79500390462728E-15,0.));
#4254=DIRECTION('',(0.866025403784437,0.5,0.));
#4255=DIRECTION('',(0.866025403784439,-0.5,0.));
#4256=DIRECTION('',(1.,0.,0.));
#4257=DIRECTION('',(0.,-1.,0.));
#4258=DIRECTION('',(1.,0.,0.));
#4259=DIRECTION('',(0.866025403784439,0.5,0.));
#4260=DIRECTION('',(0.866025403784437,-0.5,0.));
#4261=DIRECTION('',(-1.,0.,0.));
#4262=DIRECTION('',(0.,1.,0.));
#4263=DIRECTION('',(-1.,0.,0.));
#4264=DIRECTION('',(0.,1.,0.));
#4265=DIRECTION('',(1.,1.39750195231364E-15,0.));
#4266=DIRECTION('',(0.866025403784443,0.499999999999992,0.));
#4267=DIRECTION('',(0.866025403784434,-0.500000000000008,0.));
#4268=DIRECTION('',(-1.,0.,0.));
#4269=DIRECTION('',(0.,1.,0.));
#4270=DIRECTION('',(-1.,-5.59000780925455E-15,0.));
#4271=DIRECTION('',(0.,1.,0.));
#4272=DIRECTION('',(0.,-1.,0.));
#4273=DIRECTION('',(0.,0.,-1.));
#4274=DIRECTION('',(0.,0.,1.));
#4275=DIRECTION('',(1.,0.,0.));
#4276=DIRECTION('',(0.,0.,1.));
#4277=DIRECTION('',(1.,0.,0.));
#4278=DIRECTION('',(0.,0.,1.));
#4279=DIRECTION('',(1.,0.,0.));
#4280=DIRECTION('',(0.,0.,1.));
#4281=DIRECTION('',(1.,0.,0.));
#4282=DIRECTION('',(1.,0.,0.));
#4283=DIRECTION('',(0.,0.,-1.));
#4284=DIRECTION('',(0.,-1.,0.));
#4285=DIRECTION('',(0.,0.,1.));
#4286=DIRECTION('',(0.,1.,0.));
#4287=DIRECTION('',(0.,0.,1.));
#4288=DIRECTION('',(0.,1.,0.));
#4289=DIRECTION('',(0.,0.,1.));
#4290=DIRECTION('',(0.,1.,0.));
#4291=DIRECTION('',(0.,-1.,0.));
#4292=DIRECTION('',(0.,0.,-1.));
#4293=DIRECTION('',(-1.,0.,0.));
#4294=DIRECTION('',(0.,0.,1.));
#4295=DIRECTION('',(1.,0.,0.));
#4296=DIRECTION('',(0.,0.,1.));
#4297=DIRECTION('',(1.,0.,0.));
#4298=DIRECTION('',(0.,0.,1.));
#4299=DIRECTION('',(1.,0.,0.));
#4300=DIRECTION('',(0.,0.,1.));
#4301=DIRECTION('',(-1.,0.,0.));
#4302=DIRECTION('',(0.,0.,1.));
#4303=DIRECTION('',(0.,0.,1.));
#4304=DIRECTION('',(0.,-1.,0.));
#4305=DIRECTION('',(0.,-1.,0.));
#4306=DIRECTION('',(0.,0.,1.));
#4307=DIRECTION('',(0.,-1.,0.));
#4308=DIRECTION('',(0.,0.,1.));
#4309=DIRECTION('',(0.,-1.,0.));
#4310=DIRECTION('',(0.,1.,0.));
#4311=DIRECTION('',(0.,0.,1.));
#4312=DIRECTION('',(0.,0.,1.));
#4313=DIRECTION('',(-1.,0.,0.));
#4314=DIRECTION('',(0.,0.,1.));
#4315=DIRECTION('',(-1.,0.,0.));
#4316=DIRECTION('',(0.,0.,1.));
#4317=DIRECTION('',(-1.,0.,0.));
#4318=DIRECTION('',(0.,0.,1.));
#4319=DIRECTION('',(-1.,0.,0.));
#4320=DIRECTION('',(-1.,0.,0.));
#4321=DIRECTION('',(0.,0.,1.));
#4322=DIRECTION('',(0.,1.,0.));
#4323=DIRECTION('',(0.,0.,1.));
#4324=DIRECTION('',(0.,-1.,0.));
#4325=DIRECTION('',(0.,0.,1.));
#4326=DIRECTION('',(0.,-1.,0.));
#4327=DIRECTION('',(0.,0.,1.));
#4328=DIRECTION('',(0.,-1.,0.));
#4329=DIRECTION('',(0.,1.,0.));
#4330=DIRECTION('',(0.,0.,1.));
#4331=DIRECTION('',(1.,0.,0.));
#4332=DIRECTION('',(0.,0.,1.));
#4333=DIRECTION('',(-1.,0.,0.));
#4334=DIRECTION('',(0.,0.,1.));
#4335=DIRECTION('',(-1.,0.,0.));
#4336=DIRECTION('',(0.,0.,1.));
#4337=DIRECTION('',(-1.,0.,0.));
#4338=DIRECTION('',(0.,0.,1.));
#4339=DIRECTION('',(1.,0.,0.));
#4340=DIRECTION('',(0.,0.,-1.));
#4341=DIRECTION('',(0.,0.,1.));
#4342=DIRECTION('',(0.,1.,0.));
#4343=DIRECTION('',(0.,1.,0.));
#4344=DIRECTION('',(0.,0.,1.));
#4345=DIRECTION('',(0.,1.,0.));
#4346=DIRECTION('',(0.,0.,1.));
#4347=DIRECTION('',(0.,1.,0.));
#4348=DIRECTION('',(0.,1.,0.));
#4349=DIRECTION('',(0.,0.,1.));
#4350=DIRECTION('',(1.,0.,0.));
#4351=DIRECTION('',(0.,0.,1.));
#4352=DIRECTION('',(-1.,0.,0.));
#4353=DIRECTION('',(0.,0.,1.));
#4354=DIRECTION('',(-1.,0.,0.));
#4355=DIRECTION('',(0.,0.,1.));
#4356=DIRECTION('',(-1.,0.,0.));
#4357=DIRECTION('',(0.,0.,1.));
#4358=DIRECTION('',(-1.,-4.95635278850516E-16,0.));
#4359=DIRECTION('',(4.95635278850516E-16,-1.,0.));
#4360=DIRECTION('',(-4.95635278850516E-16,1.,0.));
#4361=DIRECTION('',(0.,0.,1.));
#4362=DIRECTION('',(4.95635278850516E-16,-1.,0.));
#4363=DIRECTION('',(0.,0.,1.));
#4364=DIRECTION('',(4.95635278850516E-16,-1.,0.));
#4365=DIRECTION('',(0.,0.,1.));
#4366=DIRECTION('',(4.95635278850516E-16,-1.,0.));
#4367=DIRECTION('',(0.,1.,0.));
#4368=DIRECTION('',(0.,0.,1.));
#4369=DIRECTION('',(0.,0.,1.));
#4370=DIRECTION('',(1.,0.,0.));
#4371=DIRECTION('',(0.,0.,1.));
#4372=DIRECTION('',(-1.,0.,0.));
#4373=DIRECTION('',(0.,0.,1.));
#4374=DIRECTION('',(-1.,0.,0.));
#4375=DIRECTION('',(0.,0.,1.));
#4376=DIRECTION('',(-1.,0.,0.));
#4377=DIRECTION('',(1.,2.47817639425258E-16,0.));
#4378=DIRECTION('',(-2.47817639425258E-16,1.,0.));
#4379=DIRECTION('',(2.47817639425258E-16,-1.,0.));
#4380=DIRECTION('',(-2.47817639425258E-16,1.,0.));
#4381=DIRECTION('',(0.,0.,1.));
#4382=DIRECTION('',(-2.47817639425258E-16,1.,0.));
#4383=DIRECTION('',(0.,0.,1.));
#4384=DIRECTION('',(-2.47817639425258E-16,1.,0.));
#4385=DIRECTION('',(0.,0.,1.));
#4386=DIRECTION('',(0.,-1.,0.));
#4387=DIRECTION('',(0.,0.,-1.));
#4388=DIRECTION('',(-1.,0.,0.));
#4389=DIRECTION('',(0.,0.,1.));
#4390=DIRECTION('',(1.,0.,0.));
#4391=DIRECTION('',(0.,0.,1.));
#4392=DIRECTION('',(1.,0.,0.));
#4393=DIRECTION('',(0.,0.,1.));
#4394=DIRECTION('',(1.,0.,0.));
#4395=DIRECTION('',(0.,0.,1.));
#4396=DIRECTION('',(1.,2.47817639425258E-16,0.));
#4397=DIRECTION('',(-2.47817639425258E-16,1.,0.));
#4398=DIRECTION('',(2.47817639425258E-16,-1.,0.));
#4399=DIRECTION('',(0.,0.,1.));
#4400=DIRECTION('',(-2.47817639425258E-16,1.,0.));
#4401=DIRECTION('',(0.,0.,1.));
#4402=DIRECTION('',(-2.47817639425258E-16,1.,0.));
#4403=DIRECTION('',(0.,0.,1.));
#4404=DIRECTION('',(-2.47817639425258E-16,1.,0.));
#4405=DIRECTION('',(0.,-1.,0.));
#4406=DIRECTION('',(0.,0.,-1.));
#4407=DIRECTION('',(0.,0.,1.));
#4408=DIRECTION('',(-1.,0.,0.));
#4409=DIRECTION('',(0.,0.,1.));
#4410=DIRECTION('',(1.,0.,0.));
#4411=DIRECTION('',(0.,0.,1.));
#4412=DIRECTION('',(1.,0.,0.));
#4413=DIRECTION('',(0.,0.,1.));
#4414=DIRECTION('',(1.,0.,0.));
#4415=DIRECTION('',(-1.,0.,0.));
#4416=DIRECTION('',(0.,0.,1.));
#4417=DIRECTION('',(0.,1.,0.));
#4418=DIRECTION('',(0.,-1.,0.));
#4419=DIRECTION('',(0.,0.,1.));
#4420=DIRECTION('',(0.,-1.,0.));
#4421=DIRECTION('',(0.,0.,1.));
#4422=DIRECTION('',(0.,-1.,0.));
#4423=DIRECTION('',(0.,0.,1.));
#4424=DIRECTION('',(0.,1.,0.));
#4425=DIRECTION('',(0.,0.,1.));
#4426=DIRECTION('',(0.,0.,1.));
#4427=DIRECTION('',(1.,0.,0.));
#4428=DIRECTION('',(0.,0.,1.));
#4429=DIRECTION('',(-1.,0.,0.));
#4430=DIRECTION('',(0.,0.,1.));
#4431=DIRECTION('',(-1.,0.,0.));
#4432=DIRECTION('',(0.,0.,1.));
#4433=DIRECTION('',(-1.,0.,0.));
#4434=DIRECTION('',(1.,0.,0.));
#4435=DIRECTION('',(0.,0.,-1.));
#4436=DIRECTION('',(0.,-1.,0.));
#4437=DIRECTION('',(0.,1.,0.));
#4438=DIRECTION('',(0.,0.,1.));
#4439=DIRECTION('',(0.,1.,0.));
#4440=DIRECTION('',(0.,0.,1.));
#4441=DIRECTION('',(0.,1.,0.));
#4442=DIRECTION('',(0.,0.,1.));
#4443=DIRECTION('',(0.,1.,0.));
#4444=DIRECTION('',(0.,0.,1.));
#4445=DIRECTION('',(1.,0.,0.));
#4446=DIRECTION('',(0.,0.,1.));
#4447=DIRECTION('',(-1.,0.,0.));
#4448=DIRECTION('',(0.,0.,1.));
#4449=DIRECTION('',(-1.,0.,0.));
#4450=DIRECTION('',(0.,0.,1.));
#4451=DIRECTION('',(-1.,0.,0.));
#4452=DIRECTION('',(0.,0.,1.));
#4453=DIRECTION('',(-1.,0.,0.));
#4454=DIRECTION('',(0.,0.,1.));
#4455=DIRECTION('',(0.,1.,0.));
#4456=DIRECTION('',(0.,0.,1.));
#4457=DIRECTION('',(0.,-1.,0.));
#4458=DIRECTION('',(0.,0.,1.));
#4459=DIRECTION('',(0.,-1.,0.));
#4460=DIRECTION('',(0.,0.,1.));
#4461=DIRECTION('',(0.,-1.,0.));
#4462=DIRECTION('',(0.,-1.,0.));
#4463=DIRECTION('',(0.,0.,-1.));
#4464=DIRECTION('',(-1.,0.,0.));
#4465=DIRECTION('',(0.,0.,1.));
#4466=DIRECTION('',(1.,0.,0.));
#4467=DIRECTION('',(0.,0.,1.));
#4468=DIRECTION('',(1.,0.,0.));
#4469=DIRECTION('',(0.,0.,1.));
#4470=DIRECTION('',(1.,0.,0.));
#4471=DIRECTION('',(0.,0.,1.));
#4472=DIRECTION('',(1.,0.,0.));
#4473=DIRECTION('',(0.,0.,-1.));
#4474=DIRECTION('',(0.,-1.,0.));
#4475=DIRECTION('',(0.,0.,1.));
#4476=DIRECTION('',(0.,1.,0.));
#4477=DIRECTION('',(0.,0.,1.));
#4478=DIRECTION('',(0.,1.,0.));
#4479=DIRECTION('',(0.,0.,1.));
#4480=DIRECTION('',(0.,1.,0.));
#4481=DIRECTION('',(0.,-1.,0.));
#4482=DIRECTION('',(0.,0.,-1.));
#4483=DIRECTION('',(0.,0.,1.));
#4484=DIRECTION('',(-1.,0.,0.));
#4485=DIRECTION('',(0.,0.,1.));
#4486=DIRECTION('',(1.,0.,0.));
#4487=DIRECTION('',(0.,0.,1.));
#4488=DIRECTION('',(1.,0.,0.));
#4489=DIRECTION('',(0.,0.,1.));
#4490=DIRECTION('',(1.,0.,0.));
#4491=DIRECTION('',(-1.,0.,0.));
#4492=DIRECTION('',(0.,0.,1.));
#4493=DIRECTION('',(0.,1.,0.));
#4494=DIRECTION('',(0.,-1.,0.));
#4495=DIRECTION('',(0.,0.,1.));
#4496=DIRECTION('',(0.,-1.,0.));
#4497=DIRECTION('',(0.,0.,1.));
#4498=DIRECTION('',(0.,-1.,0.));
#4499=DIRECTION('',(0.,0.,1.));
#4500=DIRECTION('',(6.60847038467356E-16,-1.,0.));
#4501=DIRECTION('',(1.,6.60847038467356E-16,0.));
#4502=DIRECTION('',(-1.,-6.60847038467356E-16,0.));
#4503=DIRECTION('',(1.,6.60847038467356E-16,0.));
#4504=DIRECTION('',(-1.,-5.33761069531325E-16,0.));
#4505=DIRECTION('',(5.33761069531325E-16,-1.,0.));
#4506=DIRECTION('',(-5.33761069531325E-16,1.,0.));
#4507=DIRECTION('',(5.33761069531325E-16,-1.,0.));
#4508=DIRECTION('',(4.95635278850517E-16,-1.,0.));
#4509=DIRECTION('',(1.,4.95635278850517E-16,0.));
#4510=DIRECTION('',(-1.,-4.95635278850517E-16,0.));
#4511=DIRECTION('',(1.,4.95635278850517E-16,0.));
#4512=DIRECTION('',(-1.,-2.66880534765662E-16,0.));
#4513=DIRECTION('',(2.66880534765662E-16,-1.,0.));
#4514=DIRECTION('',(-2.66880534765662E-16,1.,0.));
#4515=DIRECTION('',(2.66880534765662E-16,-1.,0.));
#4516=DIRECTION('',(0.,-1.,0.));
#4517=DIRECTION('',(0.,0.,-1.));
#4518=DIRECTION('',(-1.,0.,0.));
#4519=DIRECTION('',(1.,0.,0.));
#4520=DIRECTION('',(-1.,-3.33600668457079E-16,0.));
#4521=DIRECTION('',(3.33600668457079E-16,-1.,0.));
#4522=DIRECTION('',(-3.33600668457079E-16,1.,0.));
#4523=DIRECTION('',(3.33600668457079E-16,-1.,0.));
#4524=DIRECTION('',(3.30423519233678E-16,-1.,0.));
#4525=DIRECTION('',(1.,3.30423519233678E-16,0.));
#4526=DIRECTION('',(-1.,-3.30423519233678E-16,0.));
#4527=DIRECTION('',(1.,3.30423519233678E-16,0.));
#4528=DIRECTION('',(-1.,-3.33600668457079E-16,0.));
#4529=DIRECTION('',(3.33600668457079E-16,-1.,0.));
#4530=DIRECTION('',(-3.33600668457079E-16,1.,0.));
#4531=DIRECTION('',(3.33600668457079E-16,-1.,0.));
#4532=DIRECTION('',(0.,1.,0.));
#4533=DIRECTION('',(0.,0.,1.));
#4534=DIRECTION('',(1.,0.,0.));
#4535=DIRECTION('',(-1.,0.,0.));
#4536=DIRECTION('',(1.,0.,0.));
#4537=DIRECTION('',(0.,0.,-1.));
#4538=DIRECTION('',(0.,-1.,0.));
#4539=DIRECTION('',(0.,1.,0.));
#4540=DIRECTION('',(0.,1.,0.));
#4541=DIRECTION('',(0.,0.,1.));
#4542=DIRECTION('',(1.,0.,0.));
#4543=DIRECTION('',(-1.,0.,0.));
#4544=DIRECTION('',(1.,0.,0.));
#4545=DIRECTION('',(0.,0.,-1.));
#4546=DIRECTION('',(0.,-1.,0.));
#4547=DIRECTION('',(0.,1.,0.));
#4548=DIRECTION('',(0.,1.,0.));
#4549=DIRECTION('',(0.,0.,1.));
#4550=DIRECTION('',(1.,0.,0.));
#4551=DIRECTION('',(0.,0.,1.));
#4552=DIRECTION('',(-1.,0.,0.));
#4553=DIRECTION('',(0.,0.,-1.));
#4554=DIRECTION('',(0.,1.,0.));
#4555=DIRECTION('',(0.,0.,1.));
#4556=DIRECTION('',(1.,0.,0.));
#4557=DIRECTION('',(0.,0.,-1.));
#4558=DIRECTION('',(-1.,0.,0.));
#4559=DIRECTION('',(0.,0.,1.));
#4560=DIRECTION('',(-3.09772049281573E-16,1.,0.));
#4561=DIRECTION('',(-1.,-3.09772049281573E-16,0.));
#4562=DIRECTION('',(0.,0.,-1.));
#4563=DIRECTION('',(1.,3.09772049281573E-16,0.));
#4564=DIRECTION('',(0.,0.,-1.));
#4565=DIRECTION('',(-1.,-3.09772049281573E-16,0.));
#4566=DIRECTION('',(1.,1.33440267382831E-16,0.));
#4567=DIRECTION('',(-1.33440267382831E-16,1.,0.));
#4568=DIRECTION('',(1.33440267382831E-16,-1.,0.));
#4569=DIRECTION('',(0.,0.,-1.));
#4570=DIRECTION('',(-1.33440267382831E-16,1.,0.));
#4571=DIRECTION('',(0.,0.,-1.));
#4572=DIRECTION('',(0.,-1.,0.));
#4573=DIRECTION('',(0.,0.,-1.));
#4574=DIRECTION('',(-1.,0.,0.));
#4575=DIRECTION('',(0.,0.,-1.));
#4576=DIRECTION('',(1.,0.,0.));
#4577=DIRECTION('',(0.,0.,1.));
#4578=DIRECTION('',(-1.,0.,0.));
#4579=DIRECTION('',(1.,0.,0.));
#4580=DIRECTION('',(0.,0.,-1.));
#4581=DIRECTION('',(0.,-1.,0.));
#4582=DIRECTION('',(0.,-1.,0.));
#4583=DIRECTION('',(0.,0.,1.));
#4584=DIRECTION('',(0.,1.,0.));
#4585=DIRECTION('',(0.,0.,-1.));
#4586=DIRECTION('',(-1.,0.,0.));
#4587=DIRECTION('',(0.,0.,-1.));
#4588=DIRECTION('',(-1.,0.,0.));
#4589=DIRECTION('',(0.,0.,1.));
#4590=DIRECTION('',(1.,0.,0.));
#4591=DIRECTION('',(-1.35525271560688E-16,-1.,0.));
#4592=DIRECTION('',(1.,-1.35525271560688E-16,0.));
#4593=DIRECTION('',(-1.,1.35525271560688E-16,0.));
#4594=DIRECTION('',(-1.,1.35525271560688E-16,0.));
#4595=DIRECTION('',(0.,0.,1.));
#4596=DIRECTION('',(1.,-1.35525271560688E-16,0.));
#4597=DIRECTION('',(0.,0.,-1.));
#4598=DIRECTION('',(-1.,0.,0.));
#4599=DIRECTION('',(0.,0.,1.));
#4600=DIRECTION('',(0.,1.,0.));
#4601=DIRECTION('',(0.,-1.,0.));
#4602=DIRECTION('',(0.,0.,1.));
#4603=DIRECTION('',(0.,1.,0.));
#4604=DIRECTION('',(0.,0.,-1.));
#4605=DIRECTION('',(-1.,0.,0.));
#4606=DIRECTION('',(0.,0.,-1.));
#4607=DIRECTION('',(-1.,0.,0.));
#4608=DIRECTION('',(0.,0.,1.));
#4609=DIRECTION('',(1.,0.,0.));
#4610=DIRECTION('',(-1.2197274440462E-16,-1.,0.));
#4611=DIRECTION('',(1.,-1.2197274440462E-16,0.));
#4612=DIRECTION('',(-1.,1.2197274440462E-16,0.));
#4613=DIRECTION('',(0.,0.,-1.));
#4614=DIRECTION('',(1.,-1.2197274440462E-16,0.));
#4615=DIRECTION('',(0.,0.,1.));
#4616=DIRECTION('',(-1.,1.2197274440462E-16,0.));
#4617=DIRECTION('',(0.,0.,-1.));
#4618=DIRECTION('',(-1.,0.,0.));
#4619=DIRECTION('',(0.,0.,1.));
#4620=DIRECTION('',(0.,1.,0.));
#4621=DIRECTION('',(0.,1.,0.));
#4622=DIRECTION('',(0.,0.,1.));
#4623=DIRECTION('',(0.,-1.,0.));
#4624=DIRECTION('',(0.,0.,-1.));
#4625=DIRECTION('',(-1.,0.,0.));
#4626=DIRECTION('',(0.,0.,-1.));
#4627=DIRECTION('',(-1.,0.,0.));
#4628=DIRECTION('',(0.,0.,1.));
#4629=DIRECTION('',(1.,0.,0.));
#4630=DIRECTION('',(0.,1.,0.));
#4631=DIRECTION('',(0.,0.,1.));
#4632=DIRECTION('',(1.,0.,0.));
#4633=DIRECTION('',(0.,0.,-1.));
#4634=DIRECTION('',(1.,0.,0.));
#4635=DIRECTION('',(0.,0.,1.));
#4636=DIRECTION('',(-1.,0.,0.));
#4637=DIRECTION('',(0.,0.,-1.));
#4638=DIRECTION('',(1.,0.,0.));
#4639=DIRECTION('',(0.,0.,-1.));
#4640=DIRECTION('',(0.,-1.,0.));
#4641=DIRECTION('',(0.,1.,0.));
#4642=DIRECTION('',(0.,0.,1.));
#4643=DIRECTION('',(0.,-1.,0.));
#4644=DIRECTION('',(0.,0.,-1.));
#4645=DIRECTION('',(-1.,0.,0.));
#4646=DIRECTION('',(0.,0.,-1.));
#4647=DIRECTION('',(-1.,0.,0.));
#4648=DIRECTION('',(0.,0.,1.));
#4649=DIRECTION('',(1.,0.,0.));
#4650=DIRECTION('',(1.,2.00160401074247E-16,0.));
#4651=DIRECTION('',(-2.00160401074247E-16,1.,0.));
#4652=DIRECTION('',(2.00160401074247E-16,-1.,0.));
#4653=DIRECTION('',(-2.00160401074247E-16,1.,0.));
#4654=DIRECTION('',(-0.500000000000008,-0.866025403784434,0.));
#4655=DIRECTION('',(0.866025403784434,-0.500000000000008,0.));
#4656=DIRECTION('',(0.,0.,-1.));
#4657=DIRECTION('',(0.,0.,1.));
#4658=DIRECTION('',(0.866025403784434,-0.500000000000008,0.));
#4659=DIRECTION('',(0.499999999999992,-0.866025403784443,0.));
#4660=DIRECTION('',(0.866025403784443,0.499999999999992,0.));
#4661=DIRECTION('',(0.,0.,1.));
#4662=DIRECTION('',(0.866025403784443,0.499999999999992,0.));
#4663=DIRECTION('',(-0.5,-0.866025403784437,0.));
#4664=DIRECTION('',(0.866025403784437,-0.5,0.));
#4665=DIRECTION('',(0.,0.,-1.));
#4666=DIRECTION('',(0.,0.,1.));
#4667=DIRECTION('',(0.866025403784437,-0.5,0.));
#4668=DIRECTION('',(0.5,-0.866025403784439,0.));
#4669=DIRECTION('',(0.866025403784439,0.5,0.));
#4670=DIRECTION('',(0.,0.,1.));
#4671=DIRECTION('',(0.866025403784439,0.5,0.));
#4672=DIRECTION('',(0.,0.,1.));
#4673=DIRECTION('',(1.,0.,0.));
#4674=DIRECTION('',(0.,0.,1.));
#4675=DIRECTION('',(1.,0.,0.));
#4676=DIRECTION('',(0.,0.,1.));
#4677=DIRECTION('',(1.,0.,0.));
#4678=DIRECTION('',(0.,0.,1.));
#4679=DIRECTION('',(1.,0.,0.));
#4680=DIRECTION('',(0.,0.,1.));
#4681=DIRECTION('',(1.,0.,0.));
#4682=DIRECTION('',(0.,0.,1.));
#4683=DIRECTION('',(1.,0.,0.));
#4684=DIRECTION('',(0.,0.,1.));
#4685=DIRECTION('',(1.,0.,0.));
#4686=DIRECTION('',(0.,0.,1.));
#4687=DIRECTION('',(1.,0.,0.));
#4688=DIRECTION('',(0.,0.,1.));
#4689=DIRECTION('',(1.,0.,0.));
#4690=DIRECTION('',(0.,0.,1.));
#4691=DIRECTION('',(1.,0.,0.));
#4692=DIRECTION('',(0.,0.,1.));
#4693=DIRECTION('',(1.,0.,0.));
#4694=DIRECTION('',(0.,0.,1.));
#4695=DIRECTION('',(1.,0.,0.));
#4696=DIRECTION('',(0.,0.,1.));
#4697=DIRECTION('',(1.,0.,0.));
#4698=DIRECTION('',(0.,0.,1.));
#4699=DIRECTION('',(1.,0.,0.));
#4700=DIRECTION('',(0.,0.,1.));
#4701=DIRECTION('',(1.,0.,0.));
#4702=DIRECTION('',(0.,0.,1.));
#4703=DIRECTION('',(1.,0.,0.));
#4704=DIRECTION('',(0.,0.,1.));
#4705=DIRECTION('',(1.,0.,0.));
#4706=DIRECTION('',(-0.707106781186547,-0.707106781186548,0.));
#4707=DIRECTION('',(0.707106781186548,-0.707106781186547,0.));
#4708=DIRECTION('',(-2.36553201269565E-16,-1.,0.));
#4709=DIRECTION('',(-1.,-1.38777878078145E-16,0.));
#4710=DIRECTION('',(-1.38777878078145E-16,1.,0.));
#4711=DIRECTION('',(-1.,-1.38777878078145E-16,0.));
#4712=DIRECTION('',(0.,1.,0.));
#4713=DIRECTION('',(0.,0.,1.));
#4714=DIRECTION('',(1.,0.,0.));
#4715=DIRECTION('',(0.,0.,1.));
#4716=DIRECTION('',(1.,0.,0.));
#4717=DIRECTION('',(0.,0.,1.));
#4718=DIRECTION('',(1.,0.,0.));
#4719=DIRECTION('',(0.,0.,1.));
#4720=DIRECTION('',(1.,0.,0.));
#4721=DIRECTION('',(0.,1.,0.));
#4722=DIRECTION('',(-1.,-1.38777878078145E-16,0.));
#4723=DIRECTION('',(-1.38777878078145E-16,1.,0.));
#4724=DIRECTION('',(-1.,-1.38777878078145E-16,0.));
#4725=DIRECTION('',(0.707106781186547,0.707106781186548,0.));
#4726=DIRECTION('',(-0.707106781186548,0.707106781186547,0.));
#4727=DIRECTION('',(0.,0.,1.));
#4728=DIRECTION('',(1.,0.,0.));
#4729=DIRECTION('',(0.,0.,-1.));
#4730=DIRECTION('',(-1.,0.,0.));
#4731=DIRECTION('',(0.,0.,1.));
#4732=DIRECTION('',(1.,0.,0.));
#4733=DIRECTION('',(0.,0.,1.));
#4734=DIRECTION('',(1.,0.,0.));
#4735=DIRECTION('',(0.,0.,-1.));
#4736=DIRECTION('',(-1.,0.,0.));
#4737=DIRECTION('',(0.,0.,1.));
#4738=DIRECTION('',(1.,0.,0.));
#4739=DIRECTION('',(0.,0.,1.));
#4740=DIRECTION('',(1.,0.,0.));
#4741=DIRECTION('',(0.,0.,-1.));
#4742=DIRECTION('',(-1.,0.,0.));
#4743=DIRECTION('',(0.,0.,1.));
#4744=DIRECTION('',(1.,0.,0.));
#4745=DIRECTION('',(0.,0.,1.));
#4746=DIRECTION('',(1.,0.,0.));
#4747=DIRECTION('',(0.,0.,-1.));
#4748=DIRECTION('',(-1.,0.,0.));
#4749=DIRECTION('',(0.,0.,1.));
#4750=DIRECTION('',(1.,0.,0.));
#4751=DIRECTION('',(0.,0.,1.));
#4752=DIRECTION('',(1.,0.,0.));
#4753=DIRECTION('',(0.,0.,-1.));
#4754=DIRECTION('',(-1.,0.,0.));
#4755=DIRECTION('',(0.,0.,1.));
#4756=DIRECTION('',(1.,0.,0.));
#4757=DIRECTION('',(0.,0.,1.));
#4758=DIRECTION('',(1.,0.,0.));
#4759=DIRECTION('',(0.,0.,-1.));
#4760=DIRECTION('',(-1.,0.,0.));
#4761=DIRECTION('',(0.,0.,1.));
#4762=DIRECTION('',(1.,0.,0.));
#4763=DIRECTION('',(0.,0.,1.));
#4764=DIRECTION('',(1.,0.,0.));
#4765=DIRECTION('',(0.,0.,-1.));
#4766=DIRECTION('',(-1.,0.,0.));
#4767=DIRECTION('',(0.,0.,1.));
#4768=DIRECTION('',(1.,0.,0.));
#4769=DIRECTION('',(0.,0.,1.));
#4770=DIRECTION('',(1.,0.,0.));
#4771=DIRECTION('',(0.,0.,-1.));
#4772=DIRECTION('',(-1.,0.,0.));
#4773=DIRECTION('',(0.,0.,1.));
#4774=DIRECTION('',(1.,0.,0.));
#4775=DIRECTION('',(0.,0.,1.));
#4776=DIRECTION('',(1.,0.,0.));
#4777=DIRECTION('',(0.,0.,-1.));
#4778=DIRECTION('',(-1.,0.,0.));
#4779=DIRECTION('',(0.,0.,1.));
#4780=DIRECTION('',(1.,0.,0.));
#4781=DIRECTION('',(0.,0.,1.));
#4782=DIRECTION('',(1.,0.,0.));
#4783=DIRECTION('',(0.,0.,-1.));
#4784=DIRECTION('',(-1.,0.,0.));
#4785=DIRECTION('',(0.,0.,1.));
#4786=DIRECTION('',(1.,0.,0.));
#4787=DIRECTION('',(0.,0.,1.));
#4788=DIRECTION('',(1.,0.,0.));
#4789=DIRECTION('',(0.,0.,-1.));
#4790=DIRECTION('',(-1.,0.,0.));
#4791=DIRECTION('',(0.,0.,1.));
#4792=DIRECTION('',(1.,0.,0.));
#4793=DIRECTION('',(0.,0.,1.));
#4794=DIRECTION('',(1.,0.,0.));
#4795=DIRECTION('',(0.,0.,-1.));
#4796=DIRECTION('',(-1.,0.,0.));
#4797=DIRECTION('',(0.,0.,1.));
#4798=DIRECTION('',(1.,0.,0.));
#4799=DIRECTION('',(0.,0.,1.));
#4800=DIRECTION('',(1.,0.,0.));
#4801=DIRECTION('',(0.,0.,1.));
#4802=DIRECTION('',(1.,0.,0.));
#4803=DIRECTION('',(0.,0.,1.));
#4804=DIRECTION('',(1.,0.,0.));
#4805=DIRECTION('',(0.,0.,1.));
#4806=DIRECTION('',(1.,0.,0.));
#4807=DIRECTION('',(0.,0.,1.));
#4808=DIRECTION('',(1.,0.,0.));
#4809=DIRECTION('',(0.,0.,1.));
#4810=DIRECTION('',(1.,0.,0.));
#4811=DIRECTION('',(0.,0.,1.));
#4812=DIRECTION('',(1.,0.,0.));
#4813=DIRECTION('',(0.,0.,1.));
#4814=DIRECTION('',(1.,0.,0.));
#4815=DIRECTION('',(0.,0.,1.));
#4816=DIRECTION('',(1.,0.,0.));
#4817=DIRECTION('',(0.,0.,1.));
#4818=DIRECTION('',(1.,0.,0.));
#4819=DIRECTION('',(0.,0.,1.));
#4820=DIRECTION('',(1.,0.,0.));
#4821=DIRECTION('',(0.,0.,1.));
#4822=DIRECTION('',(1.,0.,0.));
#4823=DIRECTION('',(0.,0.,1.));
#4824=DIRECTION('',(1.,0.,0.));
#4825=DIRECTION('',(0.,0.,1.));
#4826=DIRECTION('',(1.,0.,0.));
#4827=DIRECTION('',(0.,0.,1.));
#4828=DIRECTION('',(1.,0.,0.));
#4829=DIRECTION('',(0.,0.,1.));
#4830=DIRECTION('',(1.,0.,0.));
#4831=DIRECTION('',(0.,0.,1.));
#4832=DIRECTION('',(1.,0.,0.));
#4833=DIRECTION('',(0.,0.,1.));
#4834=DIRECTION('',(1.,0.,0.));
#4835=DIRECTION('',(0.,0.,1.));
#4836=DIRECTION('',(1.,0.,0.));
#4837=DIRECTION('',(0.,0.,1.));
#4838=DIRECTION('',(1.,0.,0.));
#4839=DIRECTION('',(0.,0.,1.));
#4840=DIRECTION('',(1.,0.,0.));
#4841=DIRECTION('',(0.,0.,1.));
#4842=DIRECTION('',(1.,0.,0.));
#4843=DIRECTION('',(0.,0.,1.));
#4844=DIRECTION('',(1.,0.,0.));
#4845=DIRECTION('',(0.,0.,1.));
#4846=DIRECTION('',(1.,0.,0.));
#4847=DIRECTION('',(1.38777878078145E-16,-1.,0.));
#4848=DIRECTION('',(1.,1.38777878078145E-16,0.));
#4849=DIRECTION('',(0.,0.,1.));
#4850=DIRECTION('',(0.,0.,-1.));
#4851=DIRECTION('',(0.,0.,-1.));
#4852=DIRECTION('',(-1.,0.,0.));
#4853=DIRECTION('',(0.,0.,-1.));
#4854=DIRECTION('',(-1.,0.,0.));
#4855=DIRECTION('',(0.,0.,-1.));
#4856=DIRECTION('',(0.,0.,1.));
#4857=DIRECTION('',(1.,0.,0.));
#4858=DIRECTION('',(0.,0.,-1.));
#4859=DIRECTION('',(0.,0.,-1.));
#4860=DIRECTION('',(0.,0.,1.));
#4861=DIRECTION('',(1.,0.,0.));
#4862=DIRECTION('',(0.,0.,-1.));
#4863=DIRECTION('',(0.,0.,-1.));
#4864=DIRECTION('',(-1.,0.,0.));
#4865=DIRECTION('',(0.,0.,-1.));
#4866=DIRECTION('',(0.,0.,-1.));
#4867=DIRECTION('',(-1.,0.,0.));
#4868=DIRECTION('',(0.,0.,-1.));
#4869=DIRECTION('',(0.,0.,1.));
#4870=DIRECTION('',(1.,0.,0.));
#4871=DIRECTION('',(0.,0.,-1.));
#4872=DIRECTION('',(0.,0.,-1.));
#4873=DIRECTION('',(-1.,0.,0.));
#4874=DIRECTION('',(0.,0.,-1.));
#4875=DIRECTION('',(-1.,0.,0.));
#4876=DIRECTION('',(0.,0.,-1.));
#4877=DIRECTION('',(0.,0.,1.));
#4878=DIRECTION('',(1.,0.,0.));
#4879=DIRECTION('',(0.,0.,-1.));
#4880=DIRECTION('',(0.,0.,-1.));
#4881=DIRECTION('',(0.,0.,1.));
#4882=DIRECTION('',(1.,0.,0.));
#4883=DIRECTION('',(0.,0.,-1.));
#4884=DIRECTION('',(0.,0.,-1.));
#4885=DIRECTION('',(-1.,0.,0.));
#4886=DIRECTION('',(0.,0.,-1.));
#4887=DIRECTION('',(-1.,0.,0.));
#4888=DIRECTION('',(0.,0.,-1.));
#4889=DIRECTION('',(0.,0.,1.));
#4890=DIRECTION('',(1.,0.,0.));
#4891=DIRECTION('',(0.,0.,-1.));
#4892=DIRECTION('',(1.,-2.36553201269565E-16,0.));
#4893=DIRECTION('',(2.36553201269565E-16,1.,0.));
#4894=DIRECTION('',(0.,0.,-1.));
#4895=DIRECTION('',(2.36553201269565E-16,1.,0.));
#4896=DIRECTION('',(0.,0.,-1.));
#4897=DIRECTION('',(-1.95855876319962E-16,-1.,0.));
#4898=DIRECTION('',(0.,0.,-1.));
#4899=DIRECTION('',(0.,0.,-1.));
#4900=DIRECTION('',(-1.,0.,0.));
#4901=DIRECTION('',(0.,0.,-1.));
#4902=DIRECTION('',(-1.,0.,0.));
#4903=DIRECTION('',(0.,0.,-1.));
#4904=DIRECTION('',(-1.,0.,0.));
#4905=DIRECTION('',(0.,0.,-1.));
#4906=DIRECTION('',(-1.,0.,0.));
#4907=DIRECTION('',(0.,0.,-1.));
#4908=DIRECTION('',(-1.,0.,0.));
#4909=DIRECTION('',(0.,0.,-1.));
#4910=DIRECTION('',(-1.,0.,0.));
#4911=DIRECTION('',(0.,0.,-1.));
#4912=DIRECTION('',(-1.,0.,0.));
#4913=DIRECTION('',(0.,0.,-1.));
#4914=DIRECTION('',(-1.,0.,0.));
#4915=DIRECTION('',(0.,0.,-1.));
#4916=DIRECTION('',(-1.,0.,0.));
#4917=DIRECTION('',(1.38777878078145E-16,-1.,0.));
#4918=DIRECTION('',(1.,1.38777878078145E-16,0.));
#4919=DIRECTION('',(-1.,-1.38777878078145E-16,0.));
#4920=DIRECTION('',(0.,0.,-1.));
#4921=DIRECTION('',(0.,0.,-1.));
#4922=DIRECTION('',(-1.,-1.38777878078145E-16,0.));
#4923=DIRECTION('',(1.38777878078145E-16,-1.,0.));
#4924=DIRECTION('',(0.,0.,-1.));
#4925=DIRECTION('',(1.38777878078145E-16,-1.,0.));
#4926=DIRECTION('',(1.,1.38777878078145E-16,0.));
#4927=DIRECTION('',(0.,0.,1.));
#4928=DIRECTION('',(-1.,-1.38777878078145E-16,0.));
#4929=DIRECTION('',(1.38777878078145E-16,-1.,0.));
#4930=DIRECTION('',(0.,1.,0.));
#4931=DIRECTION('',(0.,0.,1.));
#4932=DIRECTION('',(1.,0.,0.));
#4933=DIRECTION('',(0.,0.,1.));
#4934=DIRECTION('',(1.,0.,0.));
#4935=DIRECTION('',(0.,0.,1.));
#4936=DIRECTION('',(1.,0.,0.));
#4937=DIRECTION('',(0.,0.,-1.));
#4938=DIRECTION('',(-1.,0.,0.));
#4939=DIRECTION('',(0.,0.,1.));
#4940=DIRECTION('',(1.,0.,0.));
#4941=DIRECTION('',(0.,0.,1.));
#4942=DIRECTION('',(1.,0.,0.));
#4943=DIRECTION('',(0.,0.,1.));
#4944=DIRECTION('',(1.,0.,0.));
#4945=DIRECTION('',(0.,0.,1.));
#4946=DIRECTION('',(1.,0.,0.));
#4947=DIRECTION('',(0.,0.,-1.));
#4948=DIRECTION('',(-1.,0.,0.));
#4949=DIRECTION('',(0.,0.,1.));
#4950=DIRECTION('',(1.,0.,0.));
#4951=DIRECTION('',(0.,0.,1.));
#4952=DIRECTION('',(1.,0.,0.));
#4953=DIRECTION('',(0.,0.,1.));
#4954=DIRECTION('',(1.,0.,0.));
#4955=DIRECTION('',(0.,0.,1.));
#4956=DIRECTION('',(1.,0.,0.));
#4957=DIRECTION('',(0.,0.,-1.));
#4958=DIRECTION('',(-1.,0.,0.));
#4959=DIRECTION('',(0.,0.,1.));
#4960=DIRECTION('',(1.,0.,0.));
#4961=DIRECTION('',(0.,0.,1.));
#4962=DIRECTION('',(1.,0.,0.));
#4963=DIRECTION('',(0.,0.,1.));
#4964=DIRECTION('',(1.,0.,0.));
#4965=DIRECTION('',(0.,0.,1.));
#4966=DIRECTION('',(1.,0.,0.));
#4967=DIRECTION('',(0.,0.,-1.));
#4968=DIRECTION('',(-1.,0.,0.));
#4969=DIRECTION('',(0.,0.,1.));
#4970=DIRECTION('',(1.,0.,0.));
#4971=DIRECTION('',(0.,0.,1.));
#4972=DIRECTION('',(1.,0.,0.));
#4973=DIRECTION('',(0.,0.,-1.));
#4974=DIRECTION('',(1.,0.,0.));
#4975=DIRECTION('',(0.,0.,1.));
#4976=DIRECTION('',(1.,0.,0.));
#4977=DIRECTION('',(0.,0.,-1.));
#4978=DIRECTION('',(-1.,0.,0.));
#4979=DIRECTION('',(0.,0.,-1.));
#4980=DIRECTION('',(-1.,0.,0.));
#4981=DIRECTION('',(0.,0.,1.));
#4982=DIRECTION('',(1.,0.,0.));
#4983=DIRECTION('',(0.,0.,-1.));
#4984=DIRECTION('',(-1.,0.,0.));
#4985=DIRECTION('',(0.,0.,-1.));
#4986=DIRECTION('',(-1.,0.,0.));
#4987=DIRECTION('',(0.,0.,1.));
#4988=DIRECTION('',(1.,0.,0.));
#4989=DIRECTION('',(0.,0.,-1.));
#4990=DIRECTION('',(-1.,0.,0.));
#4991=DIRECTION('',(0.,0.,-1.));
#4992=DIRECTION('',(-1.,0.,0.));
#4993=DIRECTION('',(0.,0.,-1.));
#4994=DIRECTION('',(1.,0.,0.));
#4995=DIRECTION('',(0.707106781186548,-0.707106781186547,0.));
#4996=DIRECTION('',(-0.707106781186547,-0.707106781186548,0.));
#4997=DIRECTION('',(-0.707106781186548,0.707106781186547,0.));
#4998=DIRECTION('',(0.707106781186547,0.707106781186548,0.));
#4999=DIRECTION('',(1.,0.,0.));
#5000=DIRECTION('',(0.,0.,-1.));
#5001=DIRECTION('',(0.,-1.,0.));
#5002=DIRECTION('',(0.,0.,1.));
#5003=DIRECTION('',(1.,0.,0.));
#5004=DIRECTION('',(0.,0.,-1.));
#5005=DIRECTION('',(0.,0.,1.));
#5006=DIRECTION('',(0.,-1.,0.));
#5007=DIRECTION('',(0.,0.,1.));
#5008=DIRECTION('',(1.,0.,0.));
#5009=DIRECTION('',(0.,0.,1.));
#5010=DIRECTION('',(1.,0.,0.));
#5011=DIRECTION('',(0.,0.,-1.));
#5012=DIRECTION('',(-1.,0.,0.));
#5013=DIRECTION('',(0.,0.,1.));
#5014=DIRECTION('',(1.,0.,0.));
#5015=DIRECTION('',(0.,0.,1.));
#5016=DIRECTION('',(1.,0.,0.));
#5017=DIRECTION('',(0.,0.,-1.));
#5018=DIRECTION('',(-1.,0.,0.));
#5019=DIRECTION('',(0.,0.,1.));
#5020=DIRECTION('',(1.,0.,0.));
#5021=DIRECTION('',(0.,0.,1.));
#5022=DIRECTION('',(1.,0.,0.));
#5023=DIRECTION('',(0.,0.,-1.));
#5024=DIRECTION('',(-1.,0.,0.));
#5025=DIRECTION('',(0.,0.,-1.));
#5026=DIRECTION('',(-1.,0.,0.));
#5027=DIRECTION('',(0.,0.,1.));
#5028=DIRECTION('',(1.,0.,0.));
#5029=DIRECTION('',(0.,0.,1.));
#5030=DIRECTION('',(1.,0.,0.));
#5031=DIRECTION('',(1.,0.,0.));
#5032=DIRECTION('',(0.,0.,-1.));
#5033=DIRECTION('',(0.,0.,1.));
#5034=DIRECTION('',(0.,-1.,0.));
#5035=DIRECTION('',(0.,0.,1.));
#5036=DIRECTION('',(-1.,0.,0.));
#5037=DIRECTION('',(0.,0.,1.));
#5038=DIRECTION('',(0.,0.,1.));
#5039=DIRECTION('',(0.,0.,1.));
#5040=DIRECTION('',(0.,-1.,0.));
#5041=DIRECTION('',(0.,0.,1.));
#5042=DIRECTION('',(1.,0.,0.));
#5043=DIRECTION('',(0.,0.,1.));
#5044=DIRECTION('',(1.,0.,0.));
#5045=DIRECTION('',(0.,0.,1.));
#5046=DIRECTION('',(1.,0.,0.));
#5047=DIRECTION('',(0.,0.,1.));
#5048=DIRECTION('',(1.,0.,0.));
#5049=DIRECTION('',(0.,0.,-1.));
#5050=DIRECTION('',(-1.,0.,0.));
#5051=DIRECTION('',(0.,0.,1.));
#5052=DIRECTION('',(1.,0.,0.));
#5053=DIRECTION('',(0.,0.,1.));
#5054=DIRECTION('',(1.,0.,0.));
#5055=DIRECTION('',(0.,0.,1.));
#5056=DIRECTION('',(1.,0.,0.));
#5057=DIRECTION('',(0.,0.,1.));
#5058=DIRECTION('',(1.,0.,0.));
#5059=DIRECTION('',(0.,0.,-1.));
#5060=DIRECTION('',(-1.,0.,0.));
#5061=DIRECTION('',(0.,0.,1.));
#5062=DIRECTION('',(1.,0.,0.));
#5063=DIRECTION('',(0.,0.,1.));
#5064=DIRECTION('',(1.,0.,0.));
#5065=DIRECTION('',(0.,0.,1.));
#5066=DIRECTION('',(1.,0.,0.));
#5067=DIRECTION('',(0.,0.,1.));
#5068=DIRECTION('',(1.,0.,0.));
#5069=DIRECTION('',(0.,0.,-1.));
#5070=DIRECTION('',(-1.,0.,0.));
#5071=DIRECTION('',(0.,0.,1.));
#5072=DIRECTION('',(1.,0.,0.));
#5073=DIRECTION('',(0.,0.,1.));
#5074=DIRECTION('',(1.,0.,0.));
#5075=DIRECTION('',(0.,0.,1.));
#5076=DIRECTION('',(1.,0.,0.));
#5077=DIRECTION('',(0.,0.,1.));
#5078=DIRECTION('',(1.,0.,0.));
#5079=DIRECTION('',(0.,0.,-1.));
#5080=DIRECTION('',(-1.,0.,0.));
#5081=DIRECTION('',(0.,0.,1.));
#5082=DIRECTION('',(1.,0.,0.));
#5083=DIRECTION('',(0.,0.,1.));
#5084=DIRECTION('',(1.,0.,0.));
#5085=DIRECTION('',(0.,0.,1.));
#5086=DIRECTION('',(1.,0.,0.));
#5087=DIRECTION('',(0.,0.,1.));
#5088=DIRECTION('',(1.,0.,0.));
#5089=DIRECTION('',(0.,0.,-1.));
#5090=DIRECTION('',(-1.,0.,0.));
#5091=DIRECTION('',(0.,0.,1.));
#5092=DIRECTION('',(1.,0.,0.));
#5093=DIRECTION('',(0.,0.,1.));
#5094=DIRECTION('',(1.,0.,0.));
#5095=DIRECTION('',(0.,0.,1.));
#5096=DIRECTION('',(1.,0.,0.));
#5097=DIRECTION('',(0.,0.,1.));
#5098=DIRECTION('',(1.,0.,0.));
#5099=DIRECTION('',(0.,0.,-1.));
#5100=DIRECTION('',(-1.,0.,0.));
#5101=DIRECTION('',(0.,0.,1.));
#5102=DIRECTION('',(1.,0.,0.));
#5103=DIRECTION('',(0.,0.,1.));
#5104=DIRECTION('',(1.,0.,0.));
#5105=DIRECTION('',(0.,0.,1.));
#5106=DIRECTION('',(1.,0.,0.));
#5107=DIRECTION('',(0.,0.,1.));
#5108=DIRECTION('',(1.,0.,0.));
#5109=DIRECTION('',(0.,0.,-1.));
#5110=DIRECTION('',(-1.,0.,0.));
#5111=DIRECTION('',(0.,0.,1.));
#5112=DIRECTION('',(1.,0.,0.));
#5113=DIRECTION('',(0.,0.,1.));
#5114=DIRECTION('',(1.,0.,0.));
#5115=DIRECTION('',(0.,0.,1.));
#5116=DIRECTION('',(1.,0.,0.));
#5117=DIRECTION('',(0.,0.,1.));
#5118=DIRECTION('',(1.,0.,0.));
#5119=DIRECTION('',(0.,0.,-1.));
#5120=DIRECTION('',(-1.,0.,0.));
#5121=DIRECTION('',(0.,0.,1.));
#5122=DIRECTION('',(1.,0.,0.));
#5123=DIRECTION('',(0.,0.,1.));
#5124=DIRECTION('',(1.,0.,0.));
#5125=DIRECTION('',(0.,0.,1.));
#5126=DIRECTION('',(1.,0.,0.));
#5127=DIRECTION('',(0.,0.,1.));
#5128=DIRECTION('',(1.,0.,0.));
#5129=DIRECTION('',(0.,0.,-1.));
#5130=DIRECTION('',(-1.,0.,0.));
#5131=DIRECTION('',(0.,0.,1.));
#5132=DIRECTION('',(1.,0.,0.));
#5133=DIRECTION('',(0.,0.,1.));
#5134=DIRECTION('',(1.,0.,0.));
#5135=DIRECTION('',(0.,0.,1.));
#5136=DIRECTION('',(1.,0.,0.));
#5137=DIRECTION('',(0.,0.,1.));
#5138=DIRECTION('',(1.,0.,0.));
#5139=DIRECTION('',(0.,0.,-1.));
#5140=DIRECTION('',(-1.,0.,0.));
#5141=DIRECTION('',(0.,0.,1.));
#5142=DIRECTION('',(1.,0.,0.));
#5143=DIRECTION('',(0.,0.,1.));
#5144=DIRECTION('',(1.,0.,0.));
#5145=DIRECTION('',(0.,0.,1.));
#5146=DIRECTION('',(1.,0.,0.));
#5147=DIRECTION('',(0.,0.,1.));
#5148=DIRECTION('',(1.,0.,0.));
#5149=DIRECTION('',(0.,0.,-1.));
#5150=DIRECTION('',(-1.,0.,0.));
#5151=DIRECTION('',(0.,0.,1.));
#5152=DIRECTION('',(1.,0.,0.));
#5153=DIRECTION('',(0.,0.,1.));
#5154=DIRECTION('',(1.,0.,0.));
#5155=DIRECTION('',(0.,0.,1.));
#5156=DIRECTION('',(1.,0.,0.));
#5157=DIRECTION('',(0.,0.,1.));
#5158=DIRECTION('',(1.,0.,0.));
#5159=DIRECTION('',(0.,0.,-1.));
#5160=DIRECTION('',(-1.,0.,0.));
#5161=DIRECTION('',(1.39750195231364E-15,-1.,0.));
#5162=DIRECTION('',(1.,1.39750195231364E-15,0.));
#5163=DIRECTION('',(0.,0.,1.));
#5164=DIRECTION('',(1.,1.39750195231364E-15,0.));
#5165=DIRECTION('',(0.,-1.,0.));
#5166=DIRECTION('',(0.,0.,-1.));
#5167=DIRECTION('',(0.,0.,1.));
#5168=DIRECTION('',(1.,0.,0.));
#5169=DIRECTION('',(0.,0.,1.));
#5170=DIRECTION('',(1.,0.,0.));
#5171=DIRECTION('',(0.,1.,0.));
#5172=DIRECTION('',(-1.,0.,0.));
#5173=DIRECTION('',(0.,1.,0.));
#5174=DIRECTION('',(-1.,0.,0.));
#5175=DIRECTION('',(0.,1.,0.));
#5176=DIRECTION('',(0.,0.,1.));
#5177=DIRECTION('',(0.,0.,1.));
#5178=DIRECTION('',(0.,0.,1.));
#5179=DIRECTION('',(0.,0.,1.));
#5180=DIRECTION('',(1.,0.,0.));
#5181=DIRECTION('',(0.,1.,0.));
#5182=DIRECTION('',(-1.,-5.59000780925455E-15,0.));
#5183=DIRECTION('',(0.,1.,0.));
#5184=DIRECTION('',(-1.,0.,0.));
#5185=DIRECTION('',(-5.59000780925455E-15,1.,0.));
#5186=DIRECTION('',(-1.,-5.59000780925455E-15,0.));
#5187=DIRECTION('',(0.,0.,1.));
#5188=DIRECTION('',(0.,0.,1.));
#5189=DIRECTION('',(2.79500390462728E-15,-1.,0.));
#5190=DIRECTION('',(1.,2.79500390462728E-15,0.));
#5191=DIRECTION('',(0.,0.,1.));
#5192=DIRECTION('',(1.,2.79500390462728E-15,0.));
#5193=DIRECTION('',(0.,0.,-1.));
#5194=DIRECTION('',(-0.5,-0.866025403784439,0.));
#5195=DIRECTION('',(0.866025403784439,-0.5,0.));
#5196=DIRECTION('',(0.866025403784439,-0.5,0.));
#5197=DIRECTION('',(0.,0.,1.));
#5198=DIRECTION('',(0.,0.,1.));
#5199=DIRECTION('',(0.5,-0.866025403784437,0.));
#5200=DIRECTION('',(0.866025403784437,0.5,0.));
#5201=DIRECTION('',(0.866025403784437,0.5,0.));
#5202=DIRECTION('',(0.,0.,1.));
#5203=DIRECTION('',(1.,0.,0.));
#5204=DIRECTION('',(0.,-1.,0.));
#5205=DIRECTION('',(-1.,-9.22351288526998E-14,0.));
#5206=DIRECTION('',(0.,-1.,0.));
#5207=DIRECTION('',(1.,0.,0.));
#5208=DIRECTION('',(-9.22351288526998E-14,1.,0.));
#5209=DIRECTION('',(-1.,-9.22351288526998E-14,0.));
#5210=DIRECTION('',(0.,0.,1.));
#5211=DIRECTION('',(0.,0.,1.));
#5212=DIRECTION('',(0.,-1.,0.));
#5213=DIRECTION('',(0.,0.,-1.));
#5214=DIRECTION('',(0.,0.,1.));
#5215=DIRECTION('',(-1.,0.,0.));
#5216=DIRECTION('',(0.,0.,1.));
#5217=DIRECTION('',(0.,1.,0.));
#5218=DIRECTION('',(0.,0.,1.));
#5219=DIRECTION('',(0.,0.,1.));
#5220=DIRECTION('',(1.,0.,0.));
#5221=DIRECTION('',(0.,0.,-1.));
#5222=DIRECTION('',(0.,1.,0.));
#5223=DIRECTION('',(0.,0.,1.));
#5224=DIRECTION('',(0.,0.,1.));
#5225=DIRECTION('',(1.,0.,0.));
#5226=DIRECTION('',(0.,0.,-1.));
#5227=DIRECTION('',(0.,0.,1.));
#5228=DIRECTION('',(1.,0.,0.));
#5229=DIRECTION('',(-1.,0.,0.));
#5230=DIRECTION('',(-1.,0.,0.));
#5231=DIRECTION('',(-1.,0.,0.));
#5232=DIRECTION('',(0.,1.,0.));
#5233=DIRECTION('',(0.,0.,1.));
#5234=DIRECTION('',(0.,1.,0.));
#5235=DIRECTION('',(0.,0.,1.));
#5236=DIRECTION('',(0.,1.,0.));
#5237=DIRECTION('',(0.,0.,1.));
#5238=DIRECTION('',(1.,0.,0.));
#5239=DIRECTION('',(0.,0.,-1.));
#5240=DIRECTION('',(-1.,0.,0.));
#5241=DIRECTION('',(0.,0.,1.));
#5242=DIRECTION('',(1.,0.,0.));
#5243=DIRECTION('',(0.,0.,-1.));
#5244=DIRECTION('',(0.707106781186547,0.707106781186548,0.));
#5245=DIRECTION('',(-0.707106781186548,0.707106781186547,0.));
#5246=DIRECTION('',(0.,0.,-1.));
#5247=DIRECTION('',(0.707106781186548,-0.707106781186547,0.));
#5248=DIRECTION('',(0.707106781186547,0.707106781186548,0.));
#5249=DIRECTION('',(0.,0.,-1.));
#5250=DIRECTION('',(-0.707106781186547,-0.707106781186548,0.));
#5251=DIRECTION('',(0.707106781186548,-0.707106781186547,0.));
#5252=DIRECTION('',(0.,0.,-1.));
#5253=DIRECTION('',(-0.707106781186548,0.707106781186547,0.));
#5254=DIRECTION('',(-0.707106781186547,-0.707106781186548,0.));
#5255=CARTESIAN_POINT('',(0.,0.,0.));
#5256=CARTESIAN_POINT('',(0.006,-0.0135,0.025));
#5257=CARTESIAN_POINT('',(0.006,-0.0135,0.005));
#5258=CARTESIAN_POINT('',(0.006,-0.008,0.005));
#5259=CARTESIAN_POINT('',(0.006,-0.0116776695296637,0.005));
#5260=CARTESIAN_POINT('',(0.006,-0.0116776695296637,0.005));
#5261=CARTESIAN_POINT('',(0.006,-0.0116776695296637,0.));
#5262=CARTESIAN_POINT('',(0.006,-0.0135,0.));
#5263=CARTESIAN_POINT('',(0.006,-0.05,0.));
#5264=CARTESIAN_POINT('',(0.006,-0.05,0.008));
#5265=CARTESIAN_POINT('',(0.006,-0.05,0.008));
#5266=CARTESIAN_POINT('',(0.006,-0.0345,0.008));
#5267=CARTESIAN_POINT('',(0.006,-0.019,0.008));
#5268=CARTESIAN_POINT('',(0.006,-0.019,0.025));
#5269=CARTESIAN_POINT('',(0.006,-0.019,0.01));
#5270=CARTESIAN_POINT('',(0.006,-1.89242561015652E-18,0.01));
#5271=CARTESIAN_POINT('',(0.006,-0.008,0.01));
#5272=CARTESIAN_POINT('',(0.006,-0.008,0.025));
#5273=CARTESIAN_POINT('',(0.,0.,0.01));
#5274=CARTESIAN_POINT('',(0.033,0.0477141016151378,0.01));
#5275=CARTESIAN_POINT('',(0.026,0.0477141016151378,0.01));
#5276=CARTESIAN_POINT('',(0.01815,0.0477141016151378,0.01));
#5277=CARTESIAN_POINT('',(0.026,0.0485,0.01));
#5278=CARTESIAN_POINT('',(0.026,0.05,0.01));
#5279=CARTESIAN_POINT('',(-1.38777878078145E-17,0.05,0.01));
#5280=CARTESIAN_POINT('',(-0.05,0.05,0.01));
#5281=CARTESIAN_POINT('',(-0.05,-6.93889390390723E-18,0.01));
#5282=CARTESIAN_POINT('',(-0.05,-0.05,0.01));
#5283=CARTESIAN_POINT('',(6.93889390390723E-18,-0.05,0.01));
#5284=CARTESIAN_POINT('',(0.05,-0.05,0.01));
#5285=CARTESIAN_POINT('',(0.05,1.38777878078145E-17,0.01));
#5286=CARTESIAN_POINT('',(0.05,0.05,0.01));
#5287=CARTESIAN_POINT('',(-1.38777878078145E-17,0.05,0.01));
#5288=CARTESIAN_POINT('',(0.04,0.05,0.01));
#5289=CARTESIAN_POINT('',(0.04,0.0485,0.01));
#5290=CARTESIAN_POINT('',(0.04,0.0477141016151378,0.01));
#5291=CARTESIAN_POINT('',(0.033,0.0477141016151378,0.01));
#5292=CARTESIAN_POINT('',(0.04785,0.0477141016151378,0.01));
#5293=CARTESIAN_POINT('',(0.04785,-0.00225,0.01));
#5294=CARTESIAN_POINT('',(0.04785,-0.00571410161513775,0.01));
#5295=CARTESIAN_POINT('',(0.033,-0.00571410161513775,0.01));
#5296=CARTESIAN_POINT('',(0.01815,-0.00571410161513775,0.01));
#5297=CARTESIAN_POINT('',(0.01815,-0.00225,0.01));
#5298=CARTESIAN_POINT('',(0.0120208152801713,-0.0120208152801713,0.01));
#5299=CARTESIAN_POINT('',(0.0133708152801713,-0.0120208152801713,0.01));
#5300=CARTESIAN_POINT('',(0.0120208152801713,0.0120208152801713,0.01));
#5301=CARTESIAN_POINT('',(0.0133708152801713,0.0120208152801713,0.01));
#5302=CARTESIAN_POINT('',(-0.0120208152801713,0.0120208152801713,0.01));
#5303=CARTESIAN_POINT('',(-0.0106708152801713,0.0120208152801713,0.01));
#5304=CARTESIAN_POINT('',(-0.0120208152801713,-0.0120208152801713,0.01));
#5305=CARTESIAN_POINT('',(-0.0106708152801713,-0.0120208152801713,0.01));
#5306=CARTESIAN_POINT('',(6.95136992511615E-19,0.,0.01));
#5307=CARTESIAN_POINT('',(-0.00960947067089062,-0.00276732242886385,0.01));
#5308=CARTESIAN_POINT('',(-0.006,-0.008,0.01));
#5309=CARTESIAN_POINT('',(-0.0113137084989848,-5.42101086242752E-20,0.01));
#5310=CARTESIAN_POINT('',(-0.00960947067089062,0.00276732242886385,0.01));
#5311=CARTESIAN_POINT('',(6.95136992511615E-19,0.,0.01));
#5312=CARTESIAN_POINT('',(-0.00276732242886385,0.00960947067089062,0.01));
#5313=CARTESIAN_POINT('',(3.46944695195361E-18,0.0113137084989848,0.01));
#5314=CARTESIAN_POINT('',(0.00276732242886385,0.00960947067089062,0.01));
#5315=CARTESIAN_POINT('',(6.95136992511615E-19,0.,0.01));
#5316=CARTESIAN_POINT('',(0.00960947067089062,0.00276732242886385,0.01));
#5317=CARTESIAN_POINT('',(0.0113137084989848,2.16840434497101E-18,0.01));
#5318=CARTESIAN_POINT('',(0.00960947067089062,-0.00276732242886385,0.01));
#5319=CARTESIAN_POINT('',(6.95136992511615E-19,0.,0.01));
#5320=CARTESIAN_POINT('',(0.,-0.019,0.01));
#5321=CARTESIAN_POINT('',(-0.006,-0.019,0.01));
#5322=CARTESIAN_POINT('',(-0.006,1.41931920761739E-18,0.01));
#5323=CARTESIAN_POINT('',(-0.00850000000000023,0.04565,0.01));
#5324=CARTESIAN_POINT('',(0.0119826061575154,0.04565,0.01));
#5325=CARTESIAN_POINT('',(-0.0109826061575154,0.04565,0.01));
#5326=CARTESIAN_POINT('',(0.0119826061575154,0.032,0.01));
#5327=CARTESIAN_POINT('',(0.0119826061575154,0.01835,0.01));
#5328=CARTESIAN_POINT('',(0.0095,0.01835,0.01));
#5329=CARTESIAN_POINT('',(-0.00792390923627309,0.01835,0.01));
#5330=CARTESIAN_POINT('',(-0.007425,0.0186380453818634,0.01));
#5331=CARTESIAN_POINT('',(-0.0085,0.0180173938424846,0.01));
#5332=CARTESIAN_POINT('',(-0.009575,0.0186380453818634,0.01));
#5333=CARTESIAN_POINT('',(-0.00907609076372692,0.01835,0.01));
#5334=CARTESIAN_POINT('',(0.000499999999999987,0.01835,0.01));
#5335=CARTESIAN_POINT('',(-0.0109826061575154,0.01835,0.01));
#5336=CARTESIAN_POINT('',(-0.0109826061575154,0.032,0.01));
#5337=CARTESIAN_POINT('',(0.042,-0.04065,0.01));
#5338=CARTESIAN_POINT('',(0.024576090763727,-0.04065,0.01));
#5339=CARTESIAN_POINT('',(0.0444826061575154,-0.04065,0.01));
#5340=CARTESIAN_POINT('',(0.025075,-0.0403619546181365,0.01));
#5341=CARTESIAN_POINT('',(0.024,-0.0409826061575154,0.01));
#5342=CARTESIAN_POINT('',(0.022925,-0.0403619546181365,0.01));
#5343=CARTESIAN_POINT('',(0.023423909236273,-0.04065,0.01));
#5344=CARTESIAN_POINT('',(0.033,-0.04065,0.01));
#5345=CARTESIAN_POINT('',(0.0215173938424846,-0.04065,0.01));
#5346=CARTESIAN_POINT('',(0.0215173938424846,-0.027,0.01));
#5347=CARTESIAN_POINT('',(0.0215173938424846,-0.01335,0.01));
#5348=CARTESIAN_POINT('',(0.024,-0.01335,0.01));
#5349=CARTESIAN_POINT('',(0.0444826061575154,-0.01335,0.01));
#5350=CARTESIAN_POINT('',(0.0444826061575154,-0.027,0.01));
#5351=CARTESIAN_POINT('',(-0.0195,0.01835,0.01));
#5352=CARTESIAN_POINT('',(-0.0369239092362731,0.01835,0.01));
#5353=CARTESIAN_POINT('',(-0.0170173938424846,0.01835,0.01));
#5354=CARTESIAN_POINT('',(-0.036425,0.0186380453818634,0.01));
#5355=CARTESIAN_POINT('',(-0.0375,0.0180173938424846,0.01));
#5356=CARTESIAN_POINT('',(-0.038575,0.0186380453818635,0.01));
#5357=CARTESIAN_POINT('',(-0.0380760907637269,0.01835,0.01));
#5358=CARTESIAN_POINT('',(-0.0285,0.01835,0.01));
#5359=CARTESIAN_POINT('',(-0.0399826061575154,0.01835,0.01));
#5360=CARTESIAN_POINT('',(-0.0399826061575154,0.032,0.01));
#5361=CARTESIAN_POINT('',(-0.0399826061575154,0.04565,0.01));
#5362=CARTESIAN_POINT('',(-0.0195,0.04565,0.01));
#5363=CARTESIAN_POINT('',(-0.0170173938424846,0.04565,0.01));
#5364=CARTESIAN_POINT('',(-0.0170173938424846,0.032,0.01));
#5365=CARTESIAN_POINT('',(0.02425,-0.0365,0.));
#5366=CARTESIAN_POINT('',(0.0225,-0.0365,0.));
#5367=CARTESIAN_POINT('',(0.0225,-0.0365,0.));
#5368=CARTESIAN_POINT('',(0.0225,-0.0365,0.005));
#5369=CARTESIAN_POINT('',(0.02425,-0.0365,0.005));
#5370=CARTESIAN_POINT('',(0.026,-0.0365,0.005));
#5371=CARTESIAN_POINT('',(0.026,-0.0365,0.));
#5372=CARTESIAN_POINT('',(0.026,-0.0365,0.));
#5373=CARTESIAN_POINT('',(0.02425,-0.0365,0.));
#5374=CARTESIAN_POINT('',(0.0249165151389912,-0.0365,0.));
#5375=CARTESIAN_POINT('',(0.0249165151389912,-0.0365,0.));
#5376=CARTESIAN_POINT('',(0.0249165151389912,-0.0365,0.002));
#5377=CARTESIAN_POINT('',(0.02425,-0.0365,0.002));
#5378=CARTESIAN_POINT('',(0.0230834848610089,-0.0365,0.002));
#5379=CARTESIAN_POINT('',(0.0230834848610089,-0.0365,0.));
#5380=CARTESIAN_POINT('',(0.0230834848610089,-0.0365,0.));
#5381=CARTESIAN_POINT('',(0.02425,-0.0365,0.));
#5382=CARTESIAN_POINT('',(0.026,-0.03825,0.));
#5383=CARTESIAN_POINT('',(0.026,-0.03825,0.005));
#5384=CARTESIAN_POINT('',(0.026,-0.04,0.005));
#5385=CARTESIAN_POINT('',(0.026,-0.04,0.));
#5386=CARTESIAN_POINT('',(0.026,-0.04,0.));
#5387=CARTESIAN_POINT('',(0.026,-0.03825,0.));
#5388=CARTESIAN_POINT('',(0.026,-0.0394165151389912,0.));
#5389=CARTESIAN_POINT('',(0.026,-0.0394165151389912,0.));
#5390=CARTESIAN_POINT('',(0.026,-0.0394165151389912,0.002));
#5391=CARTESIAN_POINT('',(0.026,-0.03825,0.002));
#5392=CARTESIAN_POINT('',(0.026,-0.0375834848610088,0.002));
#5393=CARTESIAN_POINT('',(0.026,-0.0375834848610088,0.));
#5394=CARTESIAN_POINT('',(0.026,-0.0375834848610088,0.));
#5395=CARTESIAN_POINT('',(0.026,-0.03825,0.));
#5396=CARTESIAN_POINT('',(0.02425,-0.0175,0.));
#5397=CARTESIAN_POINT('',(0.02425,-0.0175,0.005));
#5398=CARTESIAN_POINT('',(0.026,-0.0175,0.005));
#5399=CARTESIAN_POINT('',(0.0225,-0.0175,0.005));
#5400=CARTESIAN_POINT('',(0.0225,-0.0175,0.));
#5401=CARTESIAN_POINT('',(0.0225,-0.0175,0.));
#5402=CARTESIAN_POINT('',(0.02425,-0.0175,0.));
#5403=CARTESIAN_POINT('',(0.0230834848610089,-0.0175,0.));
#5404=CARTESIAN_POINT('',(0.0230834848610089,-0.0175,0.));
#5405=CARTESIAN_POINT('',(0.0230834848610089,-0.0175,0.002));
#5406=CARTESIAN_POINT('',(0.02425,-0.0175,0.002));
#5407=CARTESIAN_POINT('',(0.0249165151389912,-0.0175,0.002));
#5408=CARTESIAN_POINT('',(0.0249165151389912,-0.0175,0.));
#5409=CARTESIAN_POINT('',(0.0249165151389912,-0.0175,0.));
#5410=CARTESIAN_POINT('',(0.02425,-0.0175,0.));
#5411=CARTESIAN_POINT('',(0.026,-0.0175,0.));
#5412=CARTESIAN_POINT('',(0.026,-0.0175,0.));
#5413=CARTESIAN_POINT('',(0.026,-0.01575,0.));
#5414=CARTESIAN_POINT('',(0.026,-0.014,0.));
#5415=CARTESIAN_POINT('',(0.026,-0.014,0.));
#5416=CARTESIAN_POINT('',(0.026,-0.014,0.005));
#5417=CARTESIAN_POINT('',(0.026,-0.01575,0.005));
#5418=CARTESIAN_POINT('',(0.026,-0.01575,0.));
#5419=CARTESIAN_POINT('',(0.026,-0.0164165151389912,0.));
#5420=CARTESIAN_POINT('',(0.026,-0.0164165151389912,0.));
#5421=CARTESIAN_POINT('',(0.026,-0.0164165151389912,0.002));
#5422=CARTESIAN_POINT('',(0.026,-0.01575,0.002));
#5423=CARTESIAN_POINT('',(0.026,-0.0145834848610089,0.002));
#5424=CARTESIAN_POINT('',(0.026,-0.0145834848610089,0.));
#5425=CARTESIAN_POINT('',(0.026,-0.0145834848610089,0.));
#5426=CARTESIAN_POINT('',(0.026,-0.01575,0.));
#5427=CARTESIAN_POINT('',(0.04175,-0.0175,0.));
#5428=CARTESIAN_POINT('',(0.0435,-0.0175,0.));
#5429=CARTESIAN_POINT('',(0.0435,-0.0175,0.));
#5430=CARTESIAN_POINT('',(0.0435,-0.0175,0.005));
#5431=CARTESIAN_POINT('',(0.04175,-0.0175,0.005));
#5432=CARTESIAN_POINT('',(0.04,-0.0175,0.005));
#5433=CARTESIAN_POINT('',(0.04,-0.0175,0.));
#5434=CARTESIAN_POINT('',(0.04,-0.0175,0.));
#5435=CARTESIAN_POINT('',(0.04175,-0.0175,0.));
#5436=CARTESIAN_POINT('',(0.0410834848610089,-0.0175,0.));
#5437=CARTESIAN_POINT('',(0.0410834848610089,-0.0175,0.));
#5438=CARTESIAN_POINT('',(0.0410834848610089,-0.0175,0.002));
#5439=CARTESIAN_POINT('',(0.04175,-0.0175,0.002));
#5440=CARTESIAN_POINT('',(0.0429165151389911,-0.0175,0.002));
#5441=CARTESIAN_POINT('',(0.0429165151389911,-0.0175,0.));
#5442=CARTESIAN_POINT('',(0.0429165151389911,-0.0175,0.));
#5443=CARTESIAN_POINT('',(0.04175,-0.0175,0.));
#5444=CARTESIAN_POINT('',(0.04,-0.01575,0.));
#5445=CARTESIAN_POINT('',(0.04,-0.01575,0.005));
#5446=CARTESIAN_POINT('',(0.04,-0.014,0.005));
#5447=CARTESIAN_POINT('',(0.04,-0.014,0.));
#5448=CARTESIAN_POINT('',(0.04,-0.014,0.));
#5449=CARTESIAN_POINT('',(0.04,-0.01575,0.));
#5450=CARTESIAN_POINT('',(0.04,-0.0145834848610088,0.));
#5451=CARTESIAN_POINT('',(0.04,-0.0145834848610088,0.));
#5452=CARTESIAN_POINT('',(0.04,-0.0145834848610088,0.002));
#5453=CARTESIAN_POINT('',(0.04,-0.01575,0.002));
#5454=CARTESIAN_POINT('',(0.04,-0.0164165151389912,0.002));
#5455=CARTESIAN_POINT('',(0.04,-0.0164165151389912,0.));
#5456=CARTESIAN_POINT('',(0.04,-0.0164165151389912,0.));
#5457=CARTESIAN_POINT('',(0.04,-0.01575,0.));
#5458=CARTESIAN_POINT('',(0.04175,-0.0365,0.));
#5459=CARTESIAN_POINT('',(0.04175,-0.0365,0.005));
#5460=CARTESIAN_POINT('',(0.04,-0.0365,0.005));
#5461=CARTESIAN_POINT('',(0.0435,-0.0365,0.005));
#5462=CARTESIAN_POINT('',(0.0435,-0.0365,0.));
#5463=CARTESIAN_POINT('',(0.0435,-0.0365,0.));
#5464=CARTESIAN_POINT('',(0.04175,-0.0365,0.));
#5465=CARTESIAN_POINT('',(0.0429165151389911,-0.0365,0.));
#5466=CARTESIAN_POINT('',(0.0429165151389911,-0.0365,0.));
#5467=CARTESIAN_POINT('',(0.0429165151389911,-0.0365,0.002));
#5468=CARTESIAN_POINT('',(0.04175,-0.0365,0.002));
#5469=CARTESIAN_POINT('',(0.0410834848610089,-0.0365,0.002));
#5470=CARTESIAN_POINT('',(0.0410834848610089,-0.0365,0.));
#5471=CARTESIAN_POINT('',(0.0410834848610089,-0.0365,0.));
#5472=CARTESIAN_POINT('',(0.04175,-0.0365,0.));
#5473=CARTESIAN_POINT('',(0.04,-0.0365,0.));
#5474=CARTESIAN_POINT('',(0.04,-0.0365,0.));
#5475=CARTESIAN_POINT('',(0.04,-0.03825,0.));
#5476=CARTESIAN_POINT('',(0.04,-0.04,0.));
#5477=CARTESIAN_POINT('',(0.04,-0.04,0.));
#5478=CARTESIAN_POINT('',(0.04,-0.04,0.005));
#5479=CARTESIAN_POINT('',(0.04,-0.03825,0.005));
#5480=CARTESIAN_POINT('',(0.04,-0.03825,0.));
#5481=CARTESIAN_POINT('',(0.04,-0.0375834848610088,0.));
#5482=CARTESIAN_POINT('',(0.04,-0.0375834848610088,0.));
#5483=CARTESIAN_POINT('',(0.04,-0.0375834848610088,0.002));
#5484=CARTESIAN_POINT('',(0.04,-0.03825,0.002));
#5485=CARTESIAN_POINT('',(0.04,-0.0394165151389912,0.002));
#5486=CARTESIAN_POINT('',(0.04,-0.0394165151389912,0.));
#5487=CARTESIAN_POINT('',(0.04,-0.0394165151389912,0.));
#5488=CARTESIAN_POINT('',(0.04,-0.03825,0.));
#5489=CARTESIAN_POINT('',(0.00925,0.0415,0.));
#5490=CARTESIAN_POINT('',(0.00925,0.0415,0.005));
#5491=CARTESIAN_POINT('',(0.0075,0.0415,0.005));
#5492=CARTESIAN_POINT('',(0.011,0.0415,0.005));
#5493=CARTESIAN_POINT('',(0.0075,0.0415,0.));
#5494=CARTESIAN_POINT('',(0.0075,0.0415,0.));
#5495=CARTESIAN_POINT('',(0.00925,0.0415,0.));
#5496=CARTESIAN_POINT('',(0.00858348486100883,0.0415,0.));
#5497=CARTESIAN_POINT('',(0.00858348486100883,0.0415,0.));
#5498=CARTESIAN_POINT('',(0.00858348486100883,0.0415,0.002));
#5499=CARTESIAN_POINT('',(0.00925,0.0415,0.002));
#5500=CARTESIAN_POINT('',(0.0104165151389912,0.0415,0.002));
#5501=CARTESIAN_POINT('',(0.0104165151389912,0.0415,0.));
#5502=CARTESIAN_POINT('',(0.0104165151389912,0.0415,0.));
#5503=CARTESIAN_POINT('',(0.00925,0.0415,0.));
#5504=CARTESIAN_POINT('',(0.011,0.0415,0.));
#5505=CARTESIAN_POINT('',(0.011,0.0415,0.));
#5506=CARTESIAN_POINT('',(0.0075,0.04325,0.));
#5507=CARTESIAN_POINT('',(0.0075,0.04325,0.005));
#5508=CARTESIAN_POINT('',(0.0075,0.045,0.005));
#5509=CARTESIAN_POINT('',(0.0075,0.045,0.));
#5510=CARTESIAN_POINT('',(0.0075,0.045,0.));
#5511=CARTESIAN_POINT('',(0.0075,0.04325,0.));
#5512=CARTESIAN_POINT('',(0.0075,0.0444165151389911,0.));
#5513=CARTESIAN_POINT('',(0.0075,0.0444165151389911,0.));
#5514=CARTESIAN_POINT('',(0.0075,0.0444165151389911,0.002));
#5515=CARTESIAN_POINT('',(0.0075,0.04325,0.002));
#5516=CARTESIAN_POINT('',(0.0075,0.0425834848610089,0.002));
#5517=CARTESIAN_POINT('',(0.0075,0.0425834848610089,0.));
#5518=CARTESIAN_POINT('',(0.0075,0.0425834848610089,0.));
#5519=CARTESIAN_POINT('',(0.0075,0.04325,0.));
#5520=CARTESIAN_POINT('',(0.00925,0.0225,0.));
#5521=CARTESIAN_POINT('',(0.0075,0.0225,0.));
#5522=CARTESIAN_POINT('',(0.0075,0.0225,0.));
#5523=CARTESIAN_POINT('',(0.0075,0.0225,0.005));
#5524=CARTESIAN_POINT('',(0.00925,0.0225,0.005));
#5525=CARTESIAN_POINT('',(0.011,0.0225,0.005));
#5526=CARTESIAN_POINT('',(0.011,0.0225,0.));
#5527=CARTESIAN_POINT('',(0.011,0.0225,0.));
#5528=CARTESIAN_POINT('',(0.00925,0.0225,0.));
#5529=CARTESIAN_POINT('',(0.0104165151389912,0.0225,0.));
#5530=CARTESIAN_POINT('',(0.0104165151389912,0.0225,0.));
#5531=CARTESIAN_POINT('',(0.0104165151389912,0.0225,0.002));
#5532=CARTESIAN_POINT('',(0.00925,0.0225,0.002));
#5533=CARTESIAN_POINT('',(0.00858348486100883,0.0225,0.002));
#5534=CARTESIAN_POINT('',(0.00858348486100883,0.0225,0.));
#5535=CARTESIAN_POINT('',(0.00858348486100883,0.0225,0.));
#5536=CARTESIAN_POINT('',(0.00925,0.0225,0.));
#5537=CARTESIAN_POINT('',(0.0075,0.02075,0.));
#5538=CARTESIAN_POINT('',(0.0075,0.02075,0.005));
#5539=CARTESIAN_POINT('',(0.0075,0.019,0.005));
#5540=CARTESIAN_POINT('',(0.0075,0.02075,0.));
#5541=CARTESIAN_POINT('',(0.0075,0.0214165151389912,0.));
#5542=CARTESIAN_POINT('',(0.0075,0.0214165151389912,0.));
#5543=CARTESIAN_POINT('',(0.0075,0.0214165151389912,0.002));
#5544=CARTESIAN_POINT('',(0.0075,0.02075,0.002));
#5545=CARTESIAN_POINT('',(0.0075,0.0195834848610088,0.002));
#5546=CARTESIAN_POINT('',(0.0075,0.0195834848610088,0.));
#5547=CARTESIAN_POINT('',(0.0075,0.0195834848610088,0.));
#5548=CARTESIAN_POINT('',(0.0075,0.02075,0.));
#5549=CARTESIAN_POINT('',(0.0075,0.019,0.));
#5550=CARTESIAN_POINT('',(0.0075,0.019,0.));
#5551=CARTESIAN_POINT('',(-0.00825,0.0225,0.));
#5552=CARTESIAN_POINT('',(-0.00825,0.0225,0.005));
#5553=CARTESIAN_POINT('',(-0.0065,0.0225,0.005));
#5554=CARTESIAN_POINT('',(-0.01,0.0225,0.005));
#5555=CARTESIAN_POINT('',(-0.0065,0.0225,0.));
#5556=CARTESIAN_POINT('',(-0.0065,0.0225,0.));
#5557=CARTESIAN_POINT('',(-0.00825,0.0225,0.));
#5558=CARTESIAN_POINT('',(-0.00758348486100885,0.0225,0.));
#5559=CARTESIAN_POINT('',(-0.00758348486100885,0.0225,0.));
#5560=CARTESIAN_POINT('',(-0.00758348486100885,0.0225,0.002));
#5561=CARTESIAN_POINT('',(-0.00825,0.0225,0.002));
#5562=CARTESIAN_POINT('',(-0.00941651513899117,0.0225,0.002));
#5563=CARTESIAN_POINT('',(-0.00941651513899117,0.0225,0.));
#5564=CARTESIAN_POINT('',(-0.00941651513899117,0.0225,0.));
#5565=CARTESIAN_POINT('',(-0.00825,0.0225,0.));
#5566=CARTESIAN_POINT('',(-0.01,0.0225,0.));
#5567=CARTESIAN_POINT('',(-0.01,0.0225,0.));
#5568=CARTESIAN_POINT('',(-0.0065,0.02075,0.));
#5569=CARTESIAN_POINT('',(-0.0065,0.02075,0.005));
#5570=CARTESIAN_POINT('',(-0.0065,0.019,0.005));
#5571=CARTESIAN_POINT('',(-0.0065,0.019,0.));
#5572=CARTESIAN_POINT('',(-0.0065,0.019,0.));
#5573=CARTESIAN_POINT('',(-0.0065,0.02075,0.));
#5574=CARTESIAN_POINT('',(-0.0065,0.0195834848610089,0.));
#5575=CARTESIAN_POINT('',(-0.0065,0.0195834848610089,0.));
#5576=CARTESIAN_POINT('',(-0.0065,0.0195834848610089,0.002));
#5577=CARTESIAN_POINT('',(-0.0065,0.02075,0.002));
#5578=CARTESIAN_POINT('',(-0.0065,0.0214165151389911,0.002));
#5579=CARTESIAN_POINT('',(-0.0065,0.0214165151389911,0.));
#5580=CARTESIAN_POINT('',(-0.0065,0.0214165151389911,0.));
#5581=CARTESIAN_POINT('',(-0.0065,0.02075,0.));
#5582=CARTESIAN_POINT('',(-0.00825,0.0415,0.));
#5583=CARTESIAN_POINT('',(-0.0065,0.0415,0.));
#5584=CARTESIAN_POINT('',(-0.0065,0.0415,0.));
#5585=CARTESIAN_POINT('',(-0.0065,0.0415,0.005));
#5586=CARTESIAN_POINT('',(-0.00825,0.0415,0.005));
#5587=CARTESIAN_POINT('',(-0.01,0.0415,0.005));
#5588=CARTESIAN_POINT('',(-0.01,0.0415,0.));
#5589=CARTESIAN_POINT('',(-0.01,0.0415,0.));
#5590=CARTESIAN_POINT('',(-0.00825,0.0415,0.));
#5591=CARTESIAN_POINT('',(-0.00941651513899116,0.0415,0.));
#5592=CARTESIAN_POINT('',(-0.00941651513899116,0.0415,0.));
#5593=CARTESIAN_POINT('',(-0.00941651513899116,0.0415,0.002));
#5594=CARTESIAN_POINT('',(-0.00825,0.0415,0.002));
#5595=CARTESIAN_POINT('',(-0.00758348486100886,0.0415,0.002));
#5596=CARTESIAN_POINT('',(-0.00758348486100886,0.0415,0.));
#5597=CARTESIAN_POINT('',(-0.00758348486100886,0.0415,0.));
#5598=CARTESIAN_POINT('',(-0.00825,0.0415,0.));
#5599=CARTESIAN_POINT('',(-0.0065,0.04325,0.));
#5600=CARTESIAN_POINT('',(-0.0065,0.04325,0.005));
#5601=CARTESIAN_POINT('',(-0.0065,0.045,0.005));
#5602=CARTESIAN_POINT('',(-0.0065,0.04325,0.));
#5603=CARTESIAN_POINT('',(-0.0065,0.0425834848610089,0.));
#5604=CARTESIAN_POINT('',(-0.0065,0.0425834848610089,0.));
#5605=CARTESIAN_POINT('',(-0.0065,0.0425834848610089,0.002));
#5606=CARTESIAN_POINT('',(-0.0065,0.04325,0.002));
#5607=CARTESIAN_POINT('',(-0.0065,0.0444165151389911,0.002));
#5608=CARTESIAN_POINT('',(-0.0065,0.0444165151389911,0.));
#5609=CARTESIAN_POINT('',(-0.0065,0.0444165151389911,0.));
#5610=CARTESIAN_POINT('',(-0.0065,0.04325,0.));
#5611=CARTESIAN_POINT('',(-0.0065,0.045,0.));
#5612=CARTESIAN_POINT('',(-0.0065,0.045,0.));
#5613=CARTESIAN_POINT('',(-0.01975,0.0225,0.));
#5614=CARTESIAN_POINT('',(-0.0215,0.0225,0.));
#5615=CARTESIAN_POINT('',(-0.0215,0.0225,0.));
#5616=CARTESIAN_POINT('',(-0.0215,0.0225,0.005));
#5617=CARTESIAN_POINT('',(-0.01975,0.0225,0.005));
#5618=CARTESIAN_POINT('',(-0.018,0.0225,0.005));
#5619=CARTESIAN_POINT('',(-0.018,0.0225,0.));
#5620=CARTESIAN_POINT('',(-0.018,0.0225,0.));
#5621=CARTESIAN_POINT('',(-0.01975,0.0225,0.));
#5622=CARTESIAN_POINT('',(-0.0185834848610088,0.0225,0.));
#5623=CARTESIAN_POINT('',(-0.0185834848610088,0.0225,0.));
#5624=CARTESIAN_POINT('',(-0.0185834848610088,0.0225,0.002));
#5625=CARTESIAN_POINT('',(-0.01975,0.0225,0.002));
#5626=CARTESIAN_POINT('',(-0.0204165151389911,0.0225,0.002));
#5627=CARTESIAN_POINT('',(-0.0204165151389911,0.0225,0.));
#5628=CARTESIAN_POINT('',(-0.0204165151389911,0.0225,0.));
#5629=CARTESIAN_POINT('',(-0.01975,0.0225,0.));
#5630=CARTESIAN_POINT('',(-0.0215,0.02075,0.));
#5631=CARTESIAN_POINT('',(-0.0215,0.02075,0.005));
#5632=CARTESIAN_POINT('',(-0.0215,0.019,0.005));
#5633=CARTESIAN_POINT('',(-0.0215,0.02075,0.));
#5634=CARTESIAN_POINT('',(-0.0215,0.0214165151389912,0.));
#5635=CARTESIAN_POINT('',(-0.0215,0.0214165151389912,0.));
#5636=CARTESIAN_POINT('',(-0.0215,0.0214165151389912,0.002));
#5637=CARTESIAN_POINT('',(-0.0215,0.02075,0.002));
#5638=CARTESIAN_POINT('',(-0.0215,0.0195834848610088,0.002));
#5639=CARTESIAN_POINT('',(-0.0215,0.0195834848610088,0.));
#5640=CARTESIAN_POINT('',(-0.0215,0.0195834848610088,0.));
#5641=CARTESIAN_POINT('',(-0.0215,0.02075,0.));
#5642=CARTESIAN_POINT('',(-0.0215,0.019,0.));
#5643=CARTESIAN_POINT('',(-0.0215,0.019,0.));
#5644=CARTESIAN_POINT('',(-0.01975,0.0415,0.));
#5645=CARTESIAN_POINT('',(-0.01975,0.0415,0.005));
#5646=CARTESIAN_POINT('',(-0.0215,0.0415,0.005));
#5647=CARTESIAN_POINT('',(-0.018,0.0415,0.005));
#5648=CARTESIAN_POINT('',(-0.0215,0.0415,0.));
#5649=CARTESIAN_POINT('',(-0.0215,0.0415,0.));
#5650=CARTESIAN_POINT('',(-0.01975,0.0415,0.));
#5651=CARTESIAN_POINT('',(-0.0204165151389912,0.0415,0.));
#5652=CARTESIAN_POINT('',(-0.0204165151389912,0.0415,0.));
#5653=CARTESIAN_POINT('',(-0.0204165151389912,0.0415,0.002));
#5654=CARTESIAN_POINT('',(-0.01975,0.0415,0.002));
#5655=CARTESIAN_POINT('',(-0.0185834848610088,0.0415,0.002));
#5656=CARTESIAN_POINT('',(-0.0185834848610088,0.0415,0.));
#5657=CARTESIAN_POINT('',(-0.0185834848610088,0.0415,0.));
#5658=CARTESIAN_POINT('',(-0.01975,0.0415,0.));
#5659=CARTESIAN_POINT('',(-0.018,0.0415,0.));
#5660=CARTESIAN_POINT('',(-0.018,0.0415,0.));
#5661=CARTESIAN_POINT('',(-0.0215,0.04325,0.));
#5662=CARTESIAN_POINT('',(-0.0215,0.04325,0.005));
#5663=CARTESIAN_POINT('',(-0.0215,0.045,0.005));
#5664=CARTESIAN_POINT('',(-0.0215,0.045,0.));
#5665=CARTESIAN_POINT('',(-0.0215,0.045,0.));
#5666=CARTESIAN_POINT('',(-0.0215,0.04325,0.));
#5667=CARTESIAN_POINT('',(-0.0215,0.0444165151389911,0.));
#5668=CARTESIAN_POINT('',(-0.0215,0.0444165151389911,0.));
#5669=CARTESIAN_POINT('',(-0.0215,0.0444165151389911,0.002));
#5670=CARTESIAN_POINT('',(-0.0215,0.04325,0.002));
#5671=CARTESIAN_POINT('',(-0.0215,0.0425834848610089,0.002));
#5672=CARTESIAN_POINT('',(-0.0215,0.0425834848610089,0.));
#5673=CARTESIAN_POINT('',(-0.0215,0.0425834848610089,0.));
#5674=CARTESIAN_POINT('',(-0.0215,0.04325,0.));
#5675=CARTESIAN_POINT('',(-0.03725,0.0225,0.));
#5676=CARTESIAN_POINT('',(-0.03725,0.0225,0.005));
#5677=CARTESIAN_POINT('',(-0.0355,0.0225,0.005));
#5678=CARTESIAN_POINT('',(-0.039,0.0225,0.005));
#5679=CARTESIAN_POINT('',(-0.0355,0.0225,0.));
#5680=CARTESIAN_POINT('',(-0.0355,0.0225,0.));
#5681=CARTESIAN_POINT('',(-0.03725,0.0225,0.));
#5682=CARTESIAN_POINT('',(-0.0365834848610089,0.0225,0.));
#5683=CARTESIAN_POINT('',(-0.0365834848610089,0.0225,0.));
#5684=CARTESIAN_POINT('',(-0.0365834848610089,0.0225,0.002));
#5685=CARTESIAN_POINT('',(-0.03725,0.0225,0.002));
#5686=CARTESIAN_POINT('',(-0.0384165151389912,0.0225,0.002));
#5687=CARTESIAN_POINT('',(-0.0384165151389912,0.0225,0.));
#5688=CARTESIAN_POINT('',(-0.0384165151389912,0.0225,0.));
#5689=CARTESIAN_POINT('',(-0.03725,0.0225,0.));
#5690=CARTESIAN_POINT('',(-0.039,0.0225,0.));
#5691=CARTESIAN_POINT('',(-0.039,0.0225,0.));
#5692=CARTESIAN_POINT('',(-0.0355,0.02075,0.));
#5693=CARTESIAN_POINT('',(-0.0355,0.02075,0.005));
#5694=CARTESIAN_POINT('',(-0.0355,0.019,0.005));
#5695=CARTESIAN_POINT('',(-0.0355,0.019,0.));
#5696=CARTESIAN_POINT('',(-0.0355,0.019,0.));
#5697=CARTESIAN_POINT('',(-0.0355,0.02075,0.));
#5698=CARTESIAN_POINT('',(-0.0355,0.0195834848610089,0.));
#5699=CARTESIAN_POINT('',(-0.0355,0.0195834848610089,0.));
#5700=CARTESIAN_POINT('',(-0.0355,0.0195834848610089,0.002));
#5701=CARTESIAN_POINT('',(-0.0355,0.02075,0.002));
#5702=CARTESIAN_POINT('',(-0.0355,0.0214165151389911,0.002));
#5703=CARTESIAN_POINT('',(-0.0355,0.0214165151389911,0.));
#5704=CARTESIAN_POINT('',(-0.0355,0.0214165151389911,0.));
#5705=CARTESIAN_POINT('',(-0.0355,0.02075,0.));
#5706=CARTESIAN_POINT('',(-0.03725,0.0415,0.));
#5707=CARTESIAN_POINT('',(-0.0355,0.0415,0.));
#5708=CARTESIAN_POINT('',(-0.0355,0.0415,0.));
#5709=CARTESIAN_POINT('',(-0.0355,0.0415,0.005));
#5710=CARTESIAN_POINT('',(-0.03725,0.0415,0.005));
#5711=CARTESIAN_POINT('',(-0.039,0.0415,0.005));
#5712=CARTESIAN_POINT('',(-0.039,0.0415,0.));
#5713=CARTESIAN_POINT('',(-0.039,0.0415,0.));
#5714=CARTESIAN_POINT('',(-0.03725,0.0415,0.));
#5715=CARTESIAN_POINT('',(-0.0384165151389912,0.0415,0.));
#5716=CARTESIAN_POINT('',(-0.0384165151389912,0.0415,0.));
#5717=CARTESIAN_POINT('',(-0.0384165151389912,0.0415,0.002));
#5718=CARTESIAN_POINT('',(-0.03725,0.0415,0.002));
#5719=CARTESIAN_POINT('',(-0.0365834848610089,0.0415,0.002));
#5720=CARTESIAN_POINT('',(-0.0365834848610089,0.0415,0.));
#5721=CARTESIAN_POINT('',(-0.0365834848610089,0.0415,0.));
#5722=CARTESIAN_POINT('',(-0.03725,0.0415,0.));
#5723=CARTESIAN_POINT('',(-0.0355,0.04325,0.));
#5724=CARTESIAN_POINT('',(-0.0355,0.04325,0.005));
#5725=CARTESIAN_POINT('',(-0.0355,0.045,0.005));
#5726=CARTESIAN_POINT('',(-0.0355,0.04325,0.));
#5727=CARTESIAN_POINT('',(-0.0355,0.0425834848610089,0.));
#5728=CARTESIAN_POINT('',(-0.0355,0.0425834848610089,0.));
#5729=CARTESIAN_POINT('',(-0.0355,0.0425834848610089,0.002));
#5730=CARTESIAN_POINT('',(-0.0355,0.04325,0.002));
#5731=CARTESIAN_POINT('',(-0.0355,0.0444165151389911,0.002));
#5732=CARTESIAN_POINT('',(-0.0355,0.0444165151389911,0.));
#5733=CARTESIAN_POINT('',(-0.0355,0.0444165151389911,0.));
#5734=CARTESIAN_POINT('',(-0.0355,0.04325,0.));
#5735=CARTESIAN_POINT('',(-0.0355,0.045,0.));
#5736=CARTESIAN_POINT('',(-0.0355,0.045,0.));
#5737=CARTESIAN_POINT('',(-0.0285,0.045,-0.015));
#5738=CARTESIAN_POINT('',(-0.0285,0.045,0.005));
#5739=CARTESIAN_POINT('',(-2.9738116731031E-17,0.045,0.));
#5740=CARTESIAN_POINT('',(-0.039,0.032,-0.015));
#5741=CARTESIAN_POINT('',(-0.039,0.032,0.005));
#5742=CARTESIAN_POINT('',(-0.039,-2.08166817117216E-17,0.));
#5743=CARTESIAN_POINT('',(-0.0285,0.019,-0.015));
#5744=CARTESIAN_POINT('',(-0.0285,0.019,0.005));
#5745=CARTESIAN_POINT('',(-9.41707029815983E-18,0.019,0.));
#5746=CARTESIAN_POINT('',(-0.018,0.032,-0.015));
#5747=CARTESIAN_POINT('',(-0.018,0.032,0.005));
#5748=CARTESIAN_POINT('',(-0.018,-4.80384962578193E-18,0.));
#5749=CARTESIAN_POINT('',(0.0005,0.045,-0.015));
#5750=CARTESIAN_POINT('',(0.0005,0.045,0.005));
#5751=CARTESIAN_POINT('',(0.,0.045,0.));
#5752=CARTESIAN_POINT('',(-0.01,0.032,-0.015));
#5753=CARTESIAN_POINT('',(-0.01,0.032,0.005));
#5754=CARTESIAN_POINT('',(-0.01,-3.33600668457078E-18,0.));
#5755=CARTESIAN_POINT('',(0.0005,0.019,-0.015));
#5756=CARTESIAN_POINT('',(0.0005,0.019,0.005));
#5757=CARTESIAN_POINT('',(-6.27804686543988E-18,0.019,0.));
#5758=CARTESIAN_POINT('',(0.011,0.032,-0.015));
#5759=CARTESIAN_POINT('',(0.011,0.032,0.005));
#5760=CARTESIAN_POINT('',(0.011,3.66960735302786E-18,0.));
#5761=CARTESIAN_POINT('',(0.033,-0.04,-0.015));
#5762=CARTESIAN_POINT('',(0.033,-0.04,0.005));
#5763=CARTESIAN_POINT('',(0.,-0.04,0.));
#5764=CARTESIAN_POINT('',(0.0435,-0.027,-0.015));
#5765=CARTESIAN_POINT('',(0.0435,-0.027,0.005));
#5766=CARTESIAN_POINT('',(0.0435,0.,0.));
#5767=CARTESIAN_POINT('',(0.033,-0.014,-0.015));
#5768=CARTESIAN_POINT('',(0.033,-0.014,0.005));
#5769=CARTESIAN_POINT('',(0.,-0.014,0.));
#5770=CARTESIAN_POINT('',(0.0225,-0.027,-0.015));
#5771=CARTESIAN_POINT('',(0.0225,-0.027,0.005));
#5772=CARTESIAN_POINT('',(0.0225,0.,0.));
#5773=CARTESIAN_POINT('',(0.0435,0.047,0.));
#5774=CARTESIAN_POINT('',(0.0435,0.047,0.005));
#5775=CARTESIAN_POINT('',(0.04,0.047,0.005));
#5776=CARTESIAN_POINT('',(0.043,0.047,0.005));
#5777=CARTESIAN_POINT('',(0.04,0.047,0.));
#5778=CARTESIAN_POINT('',(0.04,0.047,0.));
#5779=CARTESIAN_POINT('',(0.0435,0.047,0.));
#5780=CARTESIAN_POINT('',(0.043,0.047,0.));
#5781=CARTESIAN_POINT('',(0.043,0.047,0.008));
#5782=CARTESIAN_POINT('',(0.0225,0.047,0.));
#5783=CARTESIAN_POINT('',(0.0225,0.047,0.005));
#5784=CARTESIAN_POINT('',(0.023,0.047,0.005));
#5785=CARTESIAN_POINT('',(0.026,0.047,0.005));
#5786=CARTESIAN_POINT('',(0.023,0.047,0.008));
#5787=CARTESIAN_POINT('',(0.023,0.047,0.));
#5788=CARTESIAN_POINT('',(0.0225,0.047,0.));
#5789=CARTESIAN_POINT('',(0.026,0.047,0.));
#5790=CARTESIAN_POINT('',(0.026,0.047,0.));
#5791=CARTESIAN_POINT('',(0.033,-0.005,0.));
#5792=CARTESIAN_POINT('',(0.023,-0.005,0.008));
#5793=CARTESIAN_POINT('',(0.023,-0.005,0.005));
#5794=CARTESIAN_POINT('',(0.023,-0.005,0.));
#5795=CARTESIAN_POINT('',(0.033,-0.005,0.005));
#5796=CARTESIAN_POINT('',(0.043,-0.005,0.005));
#5797=CARTESIAN_POINT('',(0.043,-0.005,0.008));
#5798=CARTESIAN_POINT('',(0.043,-0.005,0.));
#5799=CARTESIAN_POINT('',(0.033,-0.005,0.));
#5800=CARTESIAN_POINT('',(0.047,0.021,0.));
#5801=CARTESIAN_POINT('',(0.047,0.021,0.005));
#5802=CARTESIAN_POINT('',(0.047,0.04225,0.005));
#5803=CARTESIAN_POINT('',(0.047,-0.00024999999999999,0.005));
#5804=CARTESIAN_POINT('',(0.047,0.04225,0.008));
#5805=CARTESIAN_POINT('',(0.047,0.04225,0.));
#5806=CARTESIAN_POINT('',(0.047,0.021,0.));
#5807=CARTESIAN_POINT('',(0.047,-0.00024999999999999,0.));
#5808=CARTESIAN_POINT('',(0.047,-0.00024999999999999,0.008));
#5809=CARTESIAN_POINT('',(0.045,0.04225,0.008));
#5810=CARTESIAN_POINT('',(0.045,0.04225,0.005));
#5811=CARTESIAN_POINT('',(0.043,0.04225,0.005));
#5812=CARTESIAN_POINT('',(0.043,0.04225,0.008));
#5813=CARTESIAN_POINT('',(0.043,0.04225,0.0025));
#5814=CARTESIAN_POINT('',(0.045,0.04225,0.0025));
#5815=CARTESIAN_POINT('',(0.0467374586088177,0.04225,0.0025));
#5816=CARTESIAN_POINT('',(0.0467374586088177,0.04225,0.));
#5817=CARTESIAN_POINT('',(0.0467374586088177,0.04225,0.));
#5818=CARTESIAN_POINT('',(0.045,0.04225,0.));
#5819=CARTESIAN_POINT('',(0.043,0.044625,0.008));
#5820=CARTESIAN_POINT('',(0.043,0.044625,0.005));
#5821=CARTESIAN_POINT('',(0.043,0.044625,0.));
#5822=CARTESIAN_POINT('',(0.043,0.0462846989949376,0.));
#5823=CARTESIAN_POINT('',(0.043,0.0462846989949376,0.));
#5824=CARTESIAN_POINT('',(0.043,0.0462846989949376,0.0025));
#5825=CARTESIAN_POINT('',(0.043,0.044625,0.0025));
#5826=CARTESIAN_POINT('',(0.04485,0.04425,0.008));
#5827=CARTESIAN_POINT('',(0.04485,0.04425,0.0025));
#5828=CARTESIAN_POINT('',(0.0432,0.04425,0.0025));
#5829=CARTESIAN_POINT('',(0.04485,0.04425,0.005));
#5830=CARTESIAN_POINT('',(0.0465,0.04425,0.005));
#5831=CARTESIAN_POINT('',(0.045,-0.00024999999999999,0.008));
#5832=CARTESIAN_POINT('',(0.045,-0.00024999999999999,0.005));
#5833=CARTESIAN_POINT('',(0.043,-0.00024999999999999,0.005));
#5834=CARTESIAN_POINT('',(0.045,-0.00024999999999999,0.));
#5835=CARTESIAN_POINT('',(0.0467374586088177,-0.00024999999999999,0.));
#5836=CARTESIAN_POINT('',(0.0467374586088177,-0.00024999999999999,0.));
#5837=CARTESIAN_POINT('',(0.0467374586088177,-0.000249999999999989,0.0025));
#5838=CARTESIAN_POINT('',(0.045,-0.00024999999999999,0.0025));
#5839=CARTESIAN_POINT('',(0.043,-0.00024999999999999,0.0025));
#5840=CARTESIAN_POINT('',(0.043,-0.00024999999999999,0.008));
#5841=CARTESIAN_POINT('',(0.043,-0.002625,0.008));
#5842=CARTESIAN_POINT('',(0.043,-0.002625,0.005));
#5843=CARTESIAN_POINT('',(0.043,-0.002625,0.0025));
#5844=CARTESIAN_POINT('',(0.043,-0.00428469899493758,0.0025));
#5845=CARTESIAN_POINT('',(0.043,-0.00428469899493758,0.));
#5846=CARTESIAN_POINT('',(0.043,-0.00428469899493758,0.));
#5847=CARTESIAN_POINT('',(0.043,-0.002625,0.));
#5848=CARTESIAN_POINT('',(0.04485,-0.00225,0.008));
#5849=CARTESIAN_POINT('',(0.04485,-0.00225,0.0025));
#5850=CARTESIAN_POINT('',(0.0432,-0.00225,0.0025));
#5851=CARTESIAN_POINT('',(0.04485,-0.00225,0.005));
#5852=CARTESIAN_POINT('',(0.0465,-0.00225,0.005));
#5853=CARTESIAN_POINT('',(0.021,-0.000249999999999987,0.008));
#5854=CARTESIAN_POINT('',(0.021,-0.000249999999999987,0.005));
#5855=CARTESIAN_POINT('',(0.023,-0.000249999999999987,0.005));
#5856=CARTESIAN_POINT('',(0.019,-0.000249999999999987,0.005));
#5857=CARTESIAN_POINT('',(0.023,-0.000249999999999987,0.008));
#5858=CARTESIAN_POINT('',(0.023,-0.000249999999999987,0.0025));
#5859=CARTESIAN_POINT('',(0.021,-0.000249999999999987,0.0025));
#5860=CARTESIAN_POINT('',(0.0192625413911823,-0.000249999999999987,0.0025));
#5861=CARTESIAN_POINT('',(0.0192625413911823,-0.000249999999999987,0.));
#5862=CARTESIAN_POINT('',(0.0192625413911823,-0.000249999999999987,0.));
#5863=CARTESIAN_POINT('',(0.021,-0.000249999999999987,0.));
#5864=CARTESIAN_POINT('',(0.019,-0.000249999999999987,0.));
#5865=CARTESIAN_POINT('',(0.019,-0.000249999999999987,0.008));
#5866=CARTESIAN_POINT('',(0.023,-0.002625,0.008));
#5867=CARTESIAN_POINT('',(0.023,-0.002625,0.005));
#5868=CARTESIAN_POINT('',(0.023,-0.002625,0.));
#5869=CARTESIAN_POINT('',(0.023,-0.00428469899493759,0.));
#5870=CARTESIAN_POINT('',(0.023,-0.00428469899493759,0.));
#5871=CARTESIAN_POINT('',(0.023,-0.00428469899493759,0.0025));
#5872=CARTESIAN_POINT('',(0.023,-0.002625,0.0025));
#5873=CARTESIAN_POINT('',(0.02115,-0.00225,0.008));
#5874=CARTESIAN_POINT('',(0.02115,-0.00225,0.0025));
#5875=CARTESIAN_POINT('',(0.0195,-0.00225,0.0025));
#5876=CARTESIAN_POINT('',(0.02115,-0.00225,0.005));
#5877=CARTESIAN_POINT('',(0.0228,-0.00225,0.005));
#5878=CARTESIAN_POINT('',(0.021,0.04225,0.008));
#5879=CARTESIAN_POINT('',(0.021,0.04225,0.005));
#5880=CARTESIAN_POINT('',(0.019,0.04225,0.005));
#5881=CARTESIAN_POINT('',(0.023,0.04225,0.005));
#5882=CARTESIAN_POINT('',(0.019,0.04225,0.008));
#5883=CARTESIAN_POINT('',(0.019,0.04225,0.));
#5884=CARTESIAN_POINT('',(0.021,0.04225,0.));
#5885=CARTESIAN_POINT('',(0.0192625413911823,0.04225,0.));
#5886=CARTESIAN_POINT('',(0.0192625413911823,0.04225,0.));
#5887=CARTESIAN_POINT('',(0.0192625413911823,0.04225,0.0025));
#5888=CARTESIAN_POINT('',(0.021,0.04225,0.0025));
#5889=CARTESIAN_POINT('',(0.023,0.04225,0.0025));
#5890=CARTESIAN_POINT('',(0.023,0.04225,0.008));
#5891=CARTESIAN_POINT('',(0.023,0.044625,0.008));
#5892=CARTESIAN_POINT('',(0.023,0.044625,0.005));
#5893=CARTESIAN_POINT('',(0.023,0.044625,0.0025));
#5894=CARTESIAN_POINT('',(0.023,0.0462846989949376,0.0025));
#5895=CARTESIAN_POINT('',(0.023,0.0462846989949376,0.));
#5896=CARTESIAN_POINT('',(0.023,0.0462846989949376,0.));
#5897=CARTESIAN_POINT('',(0.023,0.044625,0.));
#5898=CARTESIAN_POINT('',(0.02115,0.04425,0.008));
#5899=CARTESIAN_POINT('',(0.02115,0.04425,0.0025));
#5900=CARTESIAN_POINT('',(0.0195,0.04425,0.0025));
#5901=CARTESIAN_POINT('',(0.02115,0.04425,0.005));
#5902=CARTESIAN_POINT('',(0.0228,0.04425,0.005));
#5903=CARTESIAN_POINT('',(0.019,0.021,0.));
#5904=CARTESIAN_POINT('',(0.019,0.021,0.005));
#5905=CARTESIAN_POINT('',(0.019,0.021,0.));
#5906=CARTESIAN_POINT('',(-0.038575,0.0186380453818635,0.005));
#5907=CARTESIAN_POINT('',(-0.0380760907637269,0.01835,0.005));
#5908=CARTESIAN_POINT('',(-0.0380760907637269,0.01835,0.005));
#5909=CARTESIAN_POINT('',(-0.0375,0.0180173938424846,0.005));
#5910=CARTESIAN_POINT('',(-0.0375,0.0180173938424846,0.005));
#5911=CARTESIAN_POINT('',(-0.038575,0.0186380453818635,0.005));
#5912=CARTESIAN_POINT('',(-0.036425,0.0186380453818634,0.005));
#5913=CARTESIAN_POINT('',(-0.0369239092362731,0.01835,0.005));
#5914=CARTESIAN_POINT('',(-0.0369239092362731,0.01835,0.005));
#5915=CARTESIAN_POINT('',(-0.036425,0.0186380453818634,0.005));
#5916=CARTESIAN_POINT('',(0.022925,-0.0403619546181365,0.005));
#5917=CARTESIAN_POINT('',(0.023423909236273,-0.04065,0.005));
#5918=CARTESIAN_POINT('',(0.023423909236273,-0.04065,0.005));
#5919=CARTESIAN_POINT('',(0.024,-0.0409826061575154,0.005));
#5920=CARTESIAN_POINT('',(0.024,-0.0409826061575154,0.005));
#5921=CARTESIAN_POINT('',(0.022925,-0.0403619546181365,0.005));
#5922=CARTESIAN_POINT('',(0.025075,-0.0403619546181365,0.005));
#5923=CARTESIAN_POINT('',(0.024576090763727,-0.04065,0.005));
#5924=CARTESIAN_POINT('',(0.024576090763727,-0.04065,0.005));
#5925=CARTESIAN_POINT('',(0.025075,-0.0403619546181365,0.005));
#5926=CARTESIAN_POINT('',(0.,0.,0.));
#5927=CARTESIAN_POINT('',(-0.0195,0.0435,0.));
#5928=CARTESIAN_POINT('',(-0.0375,0.0435,0.));
#5929=CARTESIAN_POINT('',(-0.0375,0.0205,0.));
#5930=CARTESIAN_POINT('',(-0.0195,0.0205,0.));
#5931=CARTESIAN_POINT('',(0.024,-0.0155,0.));
#5932=CARTESIAN_POINT('',(0.024,-0.0385,0.));
#5933=CARTESIAN_POINT('',(0.042,-0.0385,0.));
#5934=CARTESIAN_POINT('',(0.042,-0.0155,0.));
#5935=CARTESIAN_POINT('',(-0.0120208152801713,-0.0120208152801713,0.));
#5936=CARTESIAN_POINT('',(-0.0092708152801713,-0.0120208152801713,0.));
#5937=CARTESIAN_POINT('',(-0.0120208152801713,0.0120208152801713,0.));
#5938=CARTESIAN_POINT('',(-0.0092708152801713,0.0120208152801713,0.));
#5939=CARTESIAN_POINT('',(0.0120208152801713,0.0120208152801713,0.));
#5940=CARTESIAN_POINT('',(0.0147708152801713,0.0120208152801713,0.));
#5941=CARTESIAN_POINT('',(0.0120208152801713,-0.0120208152801713,0.));
#5942=CARTESIAN_POINT('',(0.0147708152801713,-0.0120208152801713,0.));
#5943=CARTESIAN_POINT('',(-0.0085,0.0435,0.));
#5944=CARTESIAN_POINT('',(-0.0085,0.0205,0.));
#5945=CARTESIAN_POINT('',(0.0095,0.0205,0.));
#5946=CARTESIAN_POINT('',(0.0095,0.0435,0.));
#5947=CARTESIAN_POINT('',(-0.00883883476483187,0.00883883476483184,0.));
#5948=CARTESIAN_POINT('',(-2.60208521396521E-17,0.0176776695296637,0.));
#5949=CARTESIAN_POINT('',(-0.0176776695296637,-3.46944695195361E-18,0.));
#5950=CARTESIAN_POINT('',(-0.00883883476483185,-0.00883883476483184,0.));
#5951=CARTESIAN_POINT('',(-0.006,-0.0116776695296637,0.));
#5952=CARTESIAN_POINT('',(-0.006,-0.0135,0.));
#5953=CARTESIAN_POINT('',(-0.006,-0.05,0.));
#5954=CARTESIAN_POINT('',(6.93889390390723E-18,-0.05,0.));
#5955=CARTESIAN_POINT('',(-0.05,-0.05,0.));
#5956=CARTESIAN_POINT('',(-0.05,-6.93889390390723E-18,0.));
#5957=CARTESIAN_POINT('',(-0.05,0.05,0.));
#5958=CARTESIAN_POINT('',(-1.38777878078145E-17,0.05,0.));
#5959=CARTESIAN_POINT('',(0.026,0.05,0.));
#5960=CARTESIAN_POINT('',(0.026,0.0485,0.));
#5961=CARTESIAN_POINT('',(0.02115,0.04425,0.));
#5962=CARTESIAN_POINT('',(0.02115,-0.00225,0.));
#5963=CARTESIAN_POINT('',(0.04485,-0.00225,0.));
#5964=CARTESIAN_POINT('',(0.04485,0.04425,0.));
#5965=CARTESIAN_POINT('',(0.04,0.0485,0.));
#5966=CARTESIAN_POINT('',(0.04,0.05,0.));
#5967=CARTESIAN_POINT('',(-1.38777878078145E-17,0.05,0.));
#5968=CARTESIAN_POINT('',(0.05,0.05,0.));
#5969=CARTESIAN_POINT('',(0.05,1.38777878078145E-17,0.));
#5970=CARTESIAN_POINT('',(0.05,-0.05,0.));
#5971=CARTESIAN_POINT('',(6.93889390390723E-18,-0.05,0.));
#5972=CARTESIAN_POINT('',(0.00883883476483183,-0.00883883476483184,0.));
#5973=CARTESIAN_POINT('',(0.0176776695296636,-5.20417042793042E-18,0.));
#5974=CARTESIAN_POINT('',(0.00883883476483182,0.00883883476483184,0.));
#5975=CARTESIAN_POINT('',(0.024,-0.0385,0.));
#5976=CARTESIAN_POINT('',(0.024,-0.0385,0.002));
#5977=CARTESIAN_POINT('',(0.02285,-0.0385,0.002));
#5978=CARTESIAN_POINT('',(0.024,-0.0385,0.005));
#5979=CARTESIAN_POINT('',(0.02515,-0.0385,0.005));
#5980=CARTESIAN_POINT('',(0.024,-0.0155,0.));
#5981=CARTESIAN_POINT('',(0.024,-0.0155,0.002));
#5982=CARTESIAN_POINT('',(0.02285,-0.0155,0.002));
#5983=CARTESIAN_POINT('',(0.024,-0.0155,0.005));
#5984=CARTESIAN_POINT('',(0.02515,-0.0155,0.005));
#5985=CARTESIAN_POINT('',(0.042,-0.0155,0.));
#5986=CARTESIAN_POINT('',(0.042,-0.0155,0.002));
#5987=CARTESIAN_POINT('',(0.04085,-0.0155,0.002));
#5988=CARTESIAN_POINT('',(0.042,-0.0155,0.005));
#5989=CARTESIAN_POINT('',(0.04315,-0.0155,0.005));
#5990=CARTESIAN_POINT('',(0.042,-0.0385,0.));
#5991=CARTESIAN_POINT('',(0.042,-0.0385,0.002));
#5992=CARTESIAN_POINT('',(0.04085,-0.0385,0.002));
#5993=CARTESIAN_POINT('',(0.042,-0.0385,0.005));
#5994=CARTESIAN_POINT('',(0.04315,-0.0385,0.005));
#5995=CARTESIAN_POINT('',(0.0095,0.0435,0.));
#5996=CARTESIAN_POINT('',(0.0095,0.0435,0.002));
#5997=CARTESIAN_POINT('',(0.00835,0.0435,0.002));
#5998=CARTESIAN_POINT('',(0.0095,0.0435,0.005));
#5999=CARTESIAN_POINT('',(0.01065,0.0435,0.005));
#6000=CARTESIAN_POINT('',(0.0095,0.0205,0.));
#6001=CARTESIAN_POINT('',(0.0095,0.0205,0.002));
#6002=CARTESIAN_POINT('',(0.00835,0.0205,0.002));
#6003=CARTESIAN_POINT('',(0.0095,0.0205,0.005));
#6004=CARTESIAN_POINT('',(0.01065,0.0205,0.005));
#6005=CARTESIAN_POINT('',(-0.0085,0.0205,0.));
#6006=CARTESIAN_POINT('',(-0.0085,0.0205,0.002));
#6007=CARTESIAN_POINT('',(-0.00965,0.0205,0.002));
#6008=CARTESIAN_POINT('',(-0.0085,0.0205,0.005));
#6009=CARTESIAN_POINT('',(-0.00735,0.0205,0.005));
#6010=CARTESIAN_POINT('',(-0.0085,0.0435,0.));
#6011=CARTESIAN_POINT('',(-0.0085,0.0435,0.002));
#6012=CARTESIAN_POINT('',(-0.00965,0.0435,0.002));
#6013=CARTESIAN_POINT('',(-0.0085,0.0435,0.005));
#6014=CARTESIAN_POINT('',(-0.00735,0.0435,0.005));
#6015=CARTESIAN_POINT('',(-0.0195,0.0205,0.));
#6016=CARTESIAN_POINT('',(-0.0195,0.0205,0.002));
#6017=CARTESIAN_POINT('',(-0.02065,0.0205,0.002));
#6018=CARTESIAN_POINT('',(-0.0195,0.0205,0.005));
#6019=CARTESIAN_POINT('',(-0.01835,0.0205,0.005));
#6020=CARTESIAN_POINT('',(-0.0195,0.0435,0.));
#6021=CARTESIAN_POINT('',(-0.0195,0.0435,0.002));
#6022=CARTESIAN_POINT('',(-0.02065,0.0435,0.002));
#6023=CARTESIAN_POINT('',(-0.0195,0.0435,0.005));
#6024=CARTESIAN_POINT('',(-0.01835,0.0435,0.005));
#6025=CARTESIAN_POINT('',(-0.0375,0.0205,0.));
#6026=CARTESIAN_POINT('',(-0.0375,0.0205,0.002));
#6027=CARTESIAN_POINT('',(-0.03865,0.0205,0.002));
#6028=CARTESIAN_POINT('',(-0.0375,0.0205,0.005));
#6029=CARTESIAN_POINT('',(-0.03635,0.0205,0.005));
#6030=CARTESIAN_POINT('',(-0.0375,0.0435,0.));
#6031=CARTESIAN_POINT('',(-0.0375,0.0435,0.002));
#6032=CARTESIAN_POINT('',(-0.03865,0.0435,0.002));
#6033=CARTESIAN_POINT('',(-0.0375,0.0435,0.005));
#6034=CARTESIAN_POINT('',(-0.03635,0.0435,0.005));
#6035=CARTESIAN_POINT('',(0.,0.,0.));
#6036=CARTESIAN_POINT('',(-0.0085,0.0435,0.));
#6037=CARTESIAN_POINT('',(0.,0.,0.));
#6038=CARTESIAN_POINT('',(-0.0195,0.0435,0.));
#6039=CARTESIAN_POINT('',(0.,0.,0.));
#6040=CARTESIAN_POINT('',(-0.0375,0.0435,0.));
#6041=CARTESIAN_POINT('',(0.,0.,0.));
#6042=CARTESIAN_POINT('',(-0.0375,0.0205,0.));
#6043=CARTESIAN_POINT('',(0.,0.,0.));
#6044=CARTESIAN_POINT('',(-0.0195,0.0205,0.));
#6045=CARTESIAN_POINT('',(0.,0.,0.));
#6046=CARTESIAN_POINT('',(0.024,-0.0155,0.));
#6047=CARTESIAN_POINT('',(0.,0.,0.));
#6048=CARTESIAN_POINT('',(0.042,-0.0155,0.));
#6049=CARTESIAN_POINT('',(0.,0.,0.));
#6050=CARTESIAN_POINT('',(0.042,-0.0385,0.));
#6051=CARTESIAN_POINT('',(0.,0.,0.));
#6052=CARTESIAN_POINT('',(0.0095,0.0435,0.));
#6053=CARTESIAN_POINT('',(0.,0.,0.));
#6054=CARTESIAN_POINT('',(0.0095,0.0205,0.));
#6055=CARTESIAN_POINT('',(0.,0.,0.));
#6056=CARTESIAN_POINT('',(-0.0085,0.0205,0.));
#6057=CARTESIAN_POINT('',(0.,0.,0.));
#6058=CARTESIAN_POINT('',(0.024,-0.0385,0.));
#6059=CARTESIAN_POINT('',(-1.38777878078145E-17,0.05,0.01));
#6060=CARTESIAN_POINT('',(0.026,0.05,0.));
#6061=CARTESIAN_POINT('',(-0.05,0.05,0.01));
#6062=CARTESIAN_POINT('',(6.95136992511615E-19,0.,0.025));
#6063=CARTESIAN_POINT('',(6.95136992511615E-19,0.,0.005));
#6064=CARTESIAN_POINT('',(-0.000857875282310868,0.00996313454691846,0.005));
#6065=CARTESIAN_POINT('',(-0.00996313454691846,0.000857875282310871,0.005));
#6066=CARTESIAN_POINT('',(-0.000857875282310868,0.00996313454691846,0.0035));
#6067=CARTESIAN_POINT('',(-0.000857875282310868,0.00996313454691846,0.007));
#6068=CARTESIAN_POINT('',(6.95136992511615E-19,0.,0.007));
#6069=CARTESIAN_POINT('',(-0.00276732242886385,0.00960947067089062,0.007));
#6070=CARTESIAN_POINT('',(-0.00276732242886385,0.00960947067089062,0.0085));
#6071=CARTESIAN_POINT('',(-0.00960947067089062,0.00276732242886385,0.0085));
#6072=CARTESIAN_POINT('',(-0.00960947067089062,0.00276732242886385,0.007));
#6073=CARTESIAN_POINT('',(6.95136992511615E-19,0.,0.007));
#6074=CARTESIAN_POINT('',(-0.00996313454691846,0.000857875282310871,0.007));
#6075=CARTESIAN_POINT('',(-0.00996313454691846,0.000857875282310871,0.0035));
#6076=CARTESIAN_POINT('',(6.95136992511615E-19,0.,0.025));
#6077=CARTESIAN_POINT('',(-0.006,-0.008,0.025));
#6078=CARTESIAN_POINT('',(-0.006,-0.008,0.005));
#6079=CARTESIAN_POINT('',(6.95136992511615E-19,0.,0.005));
#6080=CARTESIAN_POINT('',(-0.00996313454691846,-0.000857875282310872,0.005));
#6081=CARTESIAN_POINT('',(-0.00996313454691846,-0.000857875282310871,0.0035));
#6082=CARTESIAN_POINT('',(-0.00996313454691846,-0.000857875282310872,0.007));
#6083=CARTESIAN_POINT('',(6.95136992511615E-19,0.,0.007));
#6084=CARTESIAN_POINT('',(-0.00960947067089062,-0.00276732242886385,0.007));
#6085=CARTESIAN_POINT('',(-0.00960947067089062,-0.00276732242886385,0.0085));
#6086=CARTESIAN_POINT('',(6.95136992511615E-19,0.,0.025));
#6087=CARTESIAN_POINT('',(6.95136992511615E-19,0.,0.005));
#6088=CARTESIAN_POINT('',(0.00996313454691846,0.000857875282310874,0.005));
#6089=CARTESIAN_POINT('',(0.000857875282310875,0.00996313454691846,0.005));
#6090=CARTESIAN_POINT('',(0.00996313454691846,0.000857875282310873,0.0035));
#6091=CARTESIAN_POINT('',(0.00996313454691846,0.000857875282310874,0.007));
#6092=CARTESIAN_POINT('',(6.95136992511615E-19,0.,0.007));
#6093=CARTESIAN_POINT('',(0.00960947067089062,0.00276732242886385,0.007));
#6094=CARTESIAN_POINT('',(0.00960947067089062,0.00276732242886385,0.0085));
#6095=CARTESIAN_POINT('',(0.00276732242886386,0.00960947067089062,0.0085));
#6096=CARTESIAN_POINT('',(0.00276732242886386,0.00960947067089062,0.007));
#6097=CARTESIAN_POINT('',(6.95136992511615E-19,0.,0.007));
#6098=CARTESIAN_POINT('',(0.000857875282310875,0.00996313454691846,0.007));
#6099=CARTESIAN_POINT('',(0.000857875282310875,0.00996313454691846,0.0035));
#6100=CARTESIAN_POINT('',(6.95136992511615E-19,0.,0.025));
#6101=CARTESIAN_POINT('',(6.95136992511615E-19,0.,0.005));
#6102=CARTESIAN_POINT('',(0.00996313454691846,-0.000857875282310869,0.005));
#6103=CARTESIAN_POINT('',(0.00960947067089062,-0.00276732242886385,0.0085));
#6104=CARTESIAN_POINT('',(0.00960947067089063,-0.00276732242886385,0.007));
#6105=CARTESIAN_POINT('',(6.95136992511615E-19,0.,0.007));
#6106=CARTESIAN_POINT('',(0.00996313454691846,-0.00085787528231087,0.007));
#6107=CARTESIAN_POINT('',(0.00996313454691846,-0.000857875282310869,0.0035));
#6108=CARTESIAN_POINT('',(-0.006,-0.0135,0.025));
#6109=CARTESIAN_POINT('',(-0.006,-0.0116776695296637,0.005));
#6110=CARTESIAN_POINT('',(-0.006,-0.0116776695296637,0.005));
#6111=CARTESIAN_POINT('',(-0.006,-0.0135,0.005));
#6112=CARTESIAN_POINT('',(-0.006,-0.019,0.025));
#6113=CARTESIAN_POINT('',(-0.006,-0.019,0.008));
#6114=CARTESIAN_POINT('',(-0.006,-0.0345,0.008));
#6115=CARTESIAN_POINT('',(-0.006,-0.05,0.008));
#6116=CARTESIAN_POINT('',(-0.006,-0.05,0.008));
#6117=CARTESIAN_POINT('',(0.0113137084989848,2.16840434497101E-18,0.01));
#6118=CARTESIAN_POINT('',(0.0113137084989848,2.16840434497101E-18,0.005));
#6119=CARTESIAN_POINT('',(0.0113137084989848,2.16840434497101E-18,0.007));
#6120=CARTESIAN_POINT('',(3.46944695195361E-18,0.0113137084989848,0.01));
#6121=CARTESIAN_POINT('',(3.46944695195361E-18,0.0113137084989848,0.005));
#6122=CARTESIAN_POINT('',(3.46944695195361E-18,0.0113137084989848,0.007));
#6123=CARTESIAN_POINT('',(-0.0113137084989848,-5.42101086242752E-20,0.01));
#6124=CARTESIAN_POINT('',(-0.0113137084989848,-5.42101086242752E-20,0.005));
#6125=CARTESIAN_POINT('',(-0.0113137084989848,-5.42101086242752E-20,0.007));
#6126=CARTESIAN_POINT('',(6.93889390390723E-18,-0.05,0.01));
#6127=CARTESIAN_POINT('',(6.93889390390723E-18,-0.05,0.008));
#6128=CARTESIAN_POINT('',(0.05,-0.05,0.01));
#6129=CARTESIAN_POINT('',(-0.05,-0.05,0.01));
#6130=CARTESIAN_POINT('',(0.05,1.38777878078145E-17,0.01));
#6131=CARTESIAN_POINT('',(0.05,0.05,0.01));
#6132=CARTESIAN_POINT('',(-1.38777878078145E-17,0.05,0.01));
#6133=CARTESIAN_POINT('',(0.04,0.05,0.));
#6134=CARTESIAN_POINT('',(-0.05,-6.93889390390723E-18,0.01));
#6135=CARTESIAN_POINT('',(8.67361737988404E-19,-0.019,0.025));
#6136=CARTESIAN_POINT('',(8.67361737988404E-19,-0.019,0.008));
#6137=CARTESIAN_POINT('',(-0.0120208152801713,-0.0120208152801713,0.));
#6138=CARTESIAN_POINT('',(-0.0120208152801713,-0.0120208152801713,0.004));
#6139=CARTESIAN_POINT('',(-0.0106708152801713,-0.0120208152801713,0.004));
#6140=CARTESIAN_POINT('',(-0.00927081528017131,-0.0120208152801713,0.004));
#6141=CARTESIAN_POINT('',(-0.0120208152801713,-0.0120208152801713,0.004));
#6142=CARTESIAN_POINT('',(-0.0092708152801713,-0.0120208152801713,0.004));
#6143=CARTESIAN_POINT('',(-0.0120208152801713,-0.0120208152801713,0.));
#6144=CARTESIAN_POINT('',(-0.0120208152801713,0.0120208152801713,0.));
#6145=CARTESIAN_POINT('',(-0.0120208152801713,0.0120208152801713,0.004));
#6146=CARTESIAN_POINT('',(-0.0106708152801713,0.0120208152801713,0.004));
#6147=CARTESIAN_POINT('',(-0.00927081528017131,0.0120208152801713,0.004));
#6148=CARTESIAN_POINT('',(-0.0120208152801713,0.0120208152801713,0.004));
#6149=CARTESIAN_POINT('',(-0.0092708152801713,0.0120208152801713,0.004));
#6150=CARTESIAN_POINT('',(-0.0120208152801713,0.0120208152801713,0.));
#6151=CARTESIAN_POINT('',(0.0120208152801713,0.0120208152801713,0.));
#6152=CARTESIAN_POINT('',(0.0120208152801713,0.0120208152801713,0.004));
#6153=CARTESIAN_POINT('',(0.0133708152801713,0.0120208152801713,0.004));
#6154=CARTESIAN_POINT('',(0.0147708152801713,0.0120208152801713,0.004));
#6155=CARTESIAN_POINT('',(0.0120208152801713,0.0120208152801713,0.004));
#6156=CARTESIAN_POINT('',(0.0147708152801713,0.0120208152801713,0.004));
#6157=CARTESIAN_POINT('',(0.0120208152801713,0.0120208152801713,0.));
#6158=CARTESIAN_POINT('',(0.0120208152801713,-0.0120208152801713,0.));
#6159=CARTESIAN_POINT('',(0.0120208152801713,-0.0120208152801713,0.004));
#6160=CARTESIAN_POINT('',(0.0133708152801713,-0.0120208152801713,0.004));
#6161=CARTESIAN_POINT('',(0.0147708152801713,-0.0120208152801713,0.004));
#6162=CARTESIAN_POINT('',(0.0120208152801713,-0.0120208152801713,0.004));
#6163=CARTESIAN_POINT('',(0.0147708152801713,-0.0120208152801713,0.004));
#6164=CARTESIAN_POINT('',(0.0120208152801713,-0.0120208152801713,0.));
#6165=CARTESIAN_POINT('',(0.,0.,0.008));
#6166=CARTESIAN_POINT('',(0.0145637084989848,2.16840434497101E-18,0.007));
#6167=CARTESIAN_POINT('',(0.0113137084989848,2.16840434497101E-18,0.007));
#6168=CARTESIAN_POINT('',(0.0113137084989848,2.16840434497101E-18,0.01));
#6169=CARTESIAN_POINT('',(0.00325,0.0113137084989848,0.007));
#6170=CARTESIAN_POINT('',(3.46944695195361E-18,0.0113137084989848,0.007));
#6171=CARTESIAN_POINT('',(3.46944695195361E-18,0.0113137084989848,0.01));
#6172=CARTESIAN_POINT('',(-0.00806370849898478,-5.42101086242752E-20,0.007));
#6173=CARTESIAN_POINT('',(-0.0113137084989848,-5.42101086242752E-20,0.007));
#6174=CARTESIAN_POINT('',(-0.0113137084989848,-5.42101086242752E-20,0.01));
#6175=CARTESIAN_POINT('',(0.,0.,0.005));
#6176=CARTESIAN_POINT('',(-0.00883883476483185,-0.00883883476483184,0.005));
#6177=CARTESIAN_POINT('',(-0.0176776695296637,-3.46944695195361E-18,0.005));
#6178=CARTESIAN_POINT('',(-0.00883883476483187,0.00883883476483184,0.005));
#6179=CARTESIAN_POINT('',(-2.94902990916057E-17,0.0176776695296637,0.005));
#6180=CARTESIAN_POINT('',(0.00883883476483182,0.00883883476483184,0.005));
#6181=CARTESIAN_POINT('',(0.0176776695296636,-5.20417042793042E-18,0.005));
#6182=CARTESIAN_POINT('',(0.00883883476483183,-0.00883883476483184,0.005));
#6183=CARTESIAN_POINT('',(0.04,0.0485,0.));
#6184=CARTESIAN_POINT('',(0.04,0.0485,0.005));
#6185=CARTESIAN_POINT('',(0.04,0.0477141016151378,0.005));
#6186=CARTESIAN_POINT('',(0.04,0.0477141016151378,0.));
#6187=CARTESIAN_POINT('',(0.026,0.0485,0.));
#6188=CARTESIAN_POINT('',(0.026,0.0477141016151378,0.));
#6189=CARTESIAN_POINT('',(0.026,0.0477141016151378,0.005));
#6190=CARTESIAN_POINT('',(0.026,0.0485,0.005));
#6191=CARTESIAN_POINT('',(0.02115,0.04425,0.));
#6192=CARTESIAN_POINT('',(0.02115,0.04425,0.0025));
#6193=CARTESIAN_POINT('',(0.0239,0.04425,0.0025));
#6194=CARTESIAN_POINT('',(0.02115,-0.00225,0.));
#6195=CARTESIAN_POINT('',(0.02115,-0.00225,0.0025));
#6196=CARTESIAN_POINT('',(0.0239,-0.00225,0.0025));
#6197=CARTESIAN_POINT('',(0.04485,-0.00225,0.));
#6198=CARTESIAN_POINT('',(0.04485,-0.00225,0.0025));
#6199=CARTESIAN_POINT('',(0.0476,-0.00225,0.0025));
#6200=CARTESIAN_POINT('',(0.0476,0.04425,0.0025));
#6201=CARTESIAN_POINT('',(0.04485,0.04425,0.0025));
#6202=CARTESIAN_POINT('',(0.04485,0.04425,0.));
#6203=CARTESIAN_POINT('',(0.04785,-0.00225,0.007998));
#6204=CARTESIAN_POINT('',(0.04785,0.0477141016151378,0.005));
#6205=CARTESIAN_POINT('',(0.04785,0.0477141016151378,0.005));
#6206=CARTESIAN_POINT('',(0.04785,0.021,0.005));
#6207=CARTESIAN_POINT('',(0.04785,-0.00571410161513775,0.005));
#6208=CARTESIAN_POINT('',(0.04785,-0.00571410161513775,0.005));
#6209=CARTESIAN_POINT('',(0.01815,-0.00225,0.007998));
#6210=CARTESIAN_POINT('',(0.01815,0.0477141016151378,0.005));
#6211=CARTESIAN_POINT('',(0.01815,0.0477141016151378,0.005));
#6212=CARTESIAN_POINT('',(0.01815,-0.00571410161513775,0.005));
#6213=CARTESIAN_POINT('',(0.01815,-0.00571410161513775,0.005));
#6214=CARTESIAN_POINT('',(0.01815,0.021,0.005));
#6215=CARTESIAN_POINT('',(-0.0375,0.0435,0.));
#6216=CARTESIAN_POINT('',(-0.0375,0.0435,0.002));
#6217=CARTESIAN_POINT('',(-0.0375,0.0435,0.));
#6218=CARTESIAN_POINT('',(-0.0375,0.0435,0.002));
#6219=CARTESIAN_POINT('',(-0.0353,0.0435,0.002));
#6220=CARTESIAN_POINT('',(-0.0375,0.0205,0.));
#6221=CARTESIAN_POINT('',(-0.0375,0.0205,0.002));
#6222=CARTESIAN_POINT('',(-0.0375,0.0205,0.));
#6223=CARTESIAN_POINT('',(-0.0375,0.0205,0.002));
#6224=CARTESIAN_POINT('',(-0.0353,0.0205,0.002));
#6225=CARTESIAN_POINT('',(-0.0195,0.0435,0.));
#6226=CARTESIAN_POINT('',(-0.0195,0.0435,0.002));
#6227=CARTESIAN_POINT('',(-0.0195,0.0435,0.));
#6228=CARTESIAN_POINT('',(-0.0195,0.0435,0.002));
#6229=CARTESIAN_POINT('',(-0.0173,0.0435,0.002));
#6230=CARTESIAN_POINT('',(-0.0195,0.0205,0.));
#6231=CARTESIAN_POINT('',(-0.0195,0.0205,0.002));
#6232=CARTESIAN_POINT('',(-0.0195,0.0205,0.));
#6233=CARTESIAN_POINT('',(-0.0195,0.0205,0.002));
#6234=CARTESIAN_POINT('',(-0.0173,0.0205,0.002));
#6235=CARTESIAN_POINT('',(-0.0085,0.0435,0.));
#6236=CARTESIAN_POINT('',(-0.0085,0.0435,0.002));
#6237=CARTESIAN_POINT('',(-0.0085,0.0435,0.));
#6238=CARTESIAN_POINT('',(-0.0085,0.0435,0.002));
#6239=CARTESIAN_POINT('',(-0.0063,0.0435,0.002));
#6240=CARTESIAN_POINT('',(-0.0085,0.0205,0.));
#6241=CARTESIAN_POINT('',(-0.0085,0.0205,0.002));
#6242=CARTESIAN_POINT('',(-0.0085,0.0205,0.));
#6243=CARTESIAN_POINT('',(-0.0085,0.0205,0.002));
#6244=CARTESIAN_POINT('',(-0.0063,0.0205,0.002));
#6245=CARTESIAN_POINT('',(0.0095,0.0205,0.));
#6246=CARTESIAN_POINT('',(0.0095,0.0205,0.002));
#6247=CARTESIAN_POINT('',(0.0095,0.0205,0.));
#6248=CARTESIAN_POINT('',(0.0095,0.0205,0.002));
#6249=CARTESIAN_POINT('',(0.0117,0.0205,0.002));
#6250=CARTESIAN_POINT('',(0.0095,0.0435,0.));
#6251=CARTESIAN_POINT('',(0.0095,0.0435,0.002));
#6252=CARTESIAN_POINT('',(0.0095,0.0435,0.));
#6253=CARTESIAN_POINT('',(0.0095,0.0435,0.002));
#6254=CARTESIAN_POINT('',(0.0117,0.0435,0.002));
#6255=CARTESIAN_POINT('',(0.042,-0.0385,0.));
#6256=CARTESIAN_POINT('',(0.042,-0.0385,0.002));
#6257=CARTESIAN_POINT('',(0.042,-0.0385,0.));
#6258=CARTESIAN_POINT('',(0.042,-0.0385,0.002));
#6259=CARTESIAN_POINT('',(0.0442,-0.0385,0.002));
#6260=CARTESIAN_POINT('',(0.042,-0.0155,0.));
#6261=CARTESIAN_POINT('',(0.042,-0.0155,0.002));
#6262=CARTESIAN_POINT('',(0.042,-0.0155,0.));
#6263=CARTESIAN_POINT('',(0.042,-0.0155,0.002));
#6264=CARTESIAN_POINT('',(0.0442,-0.0155,0.002));
#6265=CARTESIAN_POINT('',(0.024,-0.0155,0.));
#6266=CARTESIAN_POINT('',(0.024,-0.0155,0.002));
#6267=CARTESIAN_POINT('',(0.024,-0.0155,0.));
#6268=CARTESIAN_POINT('',(0.024,-0.0155,0.002));
#6269=CARTESIAN_POINT('',(0.0262,-0.0155,0.002));
#6270=CARTESIAN_POINT('',(0.024,-0.0385,0.));
#6271=CARTESIAN_POINT('',(0.024,-0.0385,0.002));
#6272=CARTESIAN_POINT('',(0.024,-0.0385,0.));
#6273=CARTESIAN_POINT('',(0.024,-0.0385,0.002));
#6274=CARTESIAN_POINT('',(0.0262,-0.0385,0.002));
#6275=CARTESIAN_POINT('',(-0.0195,0.01835,0.005));
#6276=CARTESIAN_POINT('',(-0.0170173938424846,0.01835,0.005));
#6277=CARTESIAN_POINT('',(-0.0170173938424846,0.01835,0.005));
#6278=CARTESIAN_POINT('',(-0.0195,0.01835,0.005));
#6279=CARTESIAN_POINT('',(0.042,-0.04065,0.005));
#6280=CARTESIAN_POINT('',(0.0444826061575154,-0.04065,0.005));
#6281=CARTESIAN_POINT('',(0.0444826061575154,-0.04065,0.005));
#6282=CARTESIAN_POINT('',(0.042,-0.04065,0.005));
#6283=CARTESIAN_POINT('',(0.,0.,0.005));
#6284=CARTESIAN_POINT('',(0.0444826061575154,-0.027,0.005));
#6285=CARTESIAN_POINT('',(0.0444826061575154,-0.01335,0.005));
#6286=CARTESIAN_POINT('',(0.024,-0.01335,0.005));
#6287=CARTESIAN_POINT('',(0.0215173938424846,-0.01335,0.005));
#6288=CARTESIAN_POINT('',(0.0215173938424846,-0.027,0.005));
#6289=CARTESIAN_POINT('',(0.0215173938424846,-0.04065,0.005));
#6290=CARTESIAN_POINT('',(0.033,-0.04065,0.005));
#6291=CARTESIAN_POINT('',(0.024,-0.01335,0.005));
#6292=CARTESIAN_POINT('',(0.0215173938424846,-0.01335,0.005));
#6293=CARTESIAN_POINT('',(0.0444826061575154,-0.01335,0.005));
#6294=CARTESIAN_POINT('',(0.,0.,0.005));
#6295=CARTESIAN_POINT('',(-0.0170173938424846,0.032,0.005));
#6296=CARTESIAN_POINT('',(-0.0170173938424846,0.04565,0.005));
#6297=CARTESIAN_POINT('',(-0.0195,0.04565,0.005));
#6298=CARTESIAN_POINT('',(-0.0399826061575154,0.04565,0.005));
#6299=CARTESIAN_POINT('',(-0.0399826061575154,0.032,0.005));
#6300=CARTESIAN_POINT('',(-0.0399826061575154,0.01835,0.005));
#6301=CARTESIAN_POINT('',(-0.0285,0.01835,0.005));
#6302=CARTESIAN_POINT('',(-0.0195,0.04565,0.005));
#6303=CARTESIAN_POINT('',(-0.0399826061575154,0.04565,0.005));
#6304=CARTESIAN_POINT('',(-0.0170173938424846,0.04565,0.005));
#6305=CARTESIAN_POINT('',(0.0095,0.01835,0.005));
#6306=CARTESIAN_POINT('',(0.0119826061575154,0.01835,0.005));
#6307=CARTESIAN_POINT('',(0.0119826061575154,0.01835,0.005));
#6308=CARTESIAN_POINT('',(0.0095,0.01835,0.005));
#6309=CARTESIAN_POINT('',(-0.00792390923627309,0.01835,0.005));
#6310=CARTESIAN_POINT('',(-0.00792390923627309,0.01835,0.005));
#6311=CARTESIAN_POINT('',(-0.009575,0.0186380453818634,0.005));
#6312=CARTESIAN_POINT('',(-0.009575,0.0186380453818634,0.005));
#6313=CARTESIAN_POINT('',(-0.00907609076372692,0.01835,0.005));
#6314=CARTESIAN_POINT('',(-0.0085,0.0180173938424846,0.005));
#6315=CARTESIAN_POINT('',(-0.00907609076372692,0.01835,0.005));
#6316=CARTESIAN_POINT('',(-0.0085,0.0180173938424846,0.005));
#6317=CARTESIAN_POINT('',(-0.007425,0.0186380453818634,0.005));
#6318=CARTESIAN_POINT('',(-0.007425,0.0186380453818634,0.005));
#6319=CARTESIAN_POINT('',(0.,0.,0.005));
#6320=CARTESIAN_POINT('',(0.0119826061575154,0.032,0.005));
#6321=CARTESIAN_POINT('',(0.0119826061575154,0.04565,0.005));
#6322=CARTESIAN_POINT('',(-0.00850000000000023,0.04565,0.005));
#6323=CARTESIAN_POINT('',(-0.0109826061575154,0.04565,0.005));
#6324=CARTESIAN_POINT('',(-0.0109826061575154,0.032,0.005));
#6325=CARTESIAN_POINT('',(-0.0109826061575154,0.01835,0.005));
#6326=CARTESIAN_POINT('',(0.000499999999999987,0.01835,0.005));
#6327=CARTESIAN_POINT('',(-0.00850000000000023,0.04565,0.005));
#6328=CARTESIAN_POINT('',(-0.0109826061575154,0.04565,0.005));
#6329=CARTESIAN_POINT('',(0.0119826061575154,0.04565,0.005));
#6330=CARTESIAN_POINT('',(0.000499999999999987,0.01835,0.005));
#6331=CARTESIAN_POINT('',(-0.0109826061575154,0.01835,0.005));
#6332=CARTESIAN_POINT('',(-0.0109826061575154,0.032,0.005));
#6333=CARTESIAN_POINT('',(0.033,-0.04065,0.005));
#6334=CARTESIAN_POINT('',(0.0215173938424846,-0.04065,0.005));
#6335=CARTESIAN_POINT('',(0.0215173938424846,-0.027,0.005));
#6336=CARTESIAN_POINT('',(-0.0285,0.01835,0.005));
#6337=CARTESIAN_POINT('',(-0.0399826061575154,0.01835,0.005));
#6338=CARTESIAN_POINT('',(-0.0399826061575154,0.032,0.005));
#6339=CARTESIAN_POINT('',(0.,0.,0.005));
#6340=CARTESIAN_POINT('',(0.033,0.0477141016151378,0.005));
#6341=CARTESIAN_POINT('',(0.033,-0.00571410161513775,0.005));
#6342=CARTESIAN_POINT('',(0.033,0.0477141016151378,0.005));
#6343=CARTESIAN_POINT('',(0.033,0.0477141016151378,0.005));
#6344=CARTESIAN_POINT('',(0.033,0.0477141016151378,0.005));
#6345=CARTESIAN_POINT('',(0.033,-0.00571410161513775,0.005));
#6346=CARTESIAN_POINT('',(0.0444826061575154,-0.027,0.005));
#6347=CARTESIAN_POINT('',(0.0119826061575154,0.032,0.005));
#6348=CARTESIAN_POINT('',(-0.0170173938424846,0.032,0.005));
#6349=CARTESIAN_POINT('',(-0.00883883476483185,-0.00883883476483184,0.005));
#6350=CARTESIAN_POINT('',(-0.0176776695296637,-3.46944695195361E-18,0.005));
#6351=CARTESIAN_POINT('',(-0.00883883476483187,0.00883883476483184,0.005));
#6352=CARTESIAN_POINT('',(-2.94902990916057E-17,0.0176776695296637,0.005));
#6353=CARTESIAN_POINT('',(0.00883883476483182,0.00883883476483184,0.005));
#6354=CARTESIAN_POINT('',(0.0176776695296636,-5.20417042793042E-18,0.005));
#6355=CARTESIAN_POINT('',(0.00883883476483183,-0.00883883476483184,0.005));
#6356=MECHANICAL_DESIGN_GEOMETRIC_PRESENTATION_REPRESENTATION('',(#3865),
#6357);
#6357=(
GEOMETRIC_REPRESENTATION_CONTEXT(3)
GLOBAL_UNCERTAINTY_ASSIGNED_CONTEXT((#6358))
GLOBAL_UNIT_ASSIGNED_CONTEXT((#6361,#6360,#6359))
REPRESENTATION_CONTEXT('Base','TOP_LEVEL_ASSEMBLY_PART')
);
#6358=UNCERTAINTY_MEASURE_WITH_UNIT(LENGTH_MEASURE(1.E-8),#6361,
'DISTANCE_ACCURACY_VALUE','Maximum Tolerance applied to model');
#6359=(
NAMED_UNIT(*)
SI_UNIT($,.STERADIAN.)
SOLID_ANGLE_UNIT()
);
#6360=(
NAMED_UNIT(*)
PLANE_ANGLE_UNIT()
SI_UNIT($,.RADIAN.)
);
#6361=(
LENGTH_UNIT()
NAMED_UNIT(*)
SI_UNIT($,.METRE.)
);
#6362=PRODUCT_DEFINITION_SHAPE('','',#6363);
#6363=PRODUCT_DEFINITION('','',#6365,#6364);
#6364=PRODUCT_DEFINITION_CONTEXT('',#6371,'design');
#6365=PRODUCT_DEFINITION_FORMATION_WITH_SPECIFIED_SOURCE('','',#6367,
 .NOT_KNOWN.);
#6366=PRODUCT_RELATED_PRODUCT_CATEGORY('','',(#6367));
#6367=PRODUCT('Base','Base','Base',(#6369));
#6368=PRODUCT_CATEGORY('','');
#6369=PRODUCT_CONTEXT('',#6371,'mechanical');
#6370=APPLICATION_PROTOCOL_DEFINITION('international standard',
'automotive_design',2010,#6371);
#6371=APPLICATION_CONTEXT(
'core data for automotive mechanical design processes');
ENDSEC;
END-ISO-10303-21;
